CRITICAL - 2026-10-04 01:56:30 --> ErrorException: Cannot declare class App\Controllers\CiudadanosController because the name is already in use
[Method: GET, Route: ciudadanos]
in APPPATH\Controllers\CiudadanosController.php on line 6.
 1 [internal function]: CodeIgniter\Debug\Exceptions->shutdownHandler()
CRITICAL - 2026-10-04 01:57:57 --> ParseError: syntax error, unexpected single-quoted string "apellido", expecting "]"
[Method: GET, Route: ciudadanos]
in APPPATH\Models\CiudadanosModel.php on line 13.
 1 SYSTEMPATH\Autoloader\Autoloader.php(320): CodeIgniter\Autoloader\Autoloader->includeFile('C:\\xampp\\htdocs\\proyectos2026\\app\\Models\\CiudadanosModel.php')
 2 SYSTEMPATH\Autoloader\Autoloader.php(296): CodeIgniter\Autoloader\Autoloader->loadInNamespace('App\\Models\\CiudadanosModel')
 3 APPPATH\Controllers\CiudadanosController.php(11): CodeIgniter\Autoloader\Autoloader->loadClass('App\\Models\\CiudadanosModel')
 4 SYSTEMPATH\CodeIgniter.php(974): App\Controllers\CiudadanosController->index()
 5 SYSTEMPATH\CodeIgniter.php(520): CodeIgniter\CodeIgniter->runController(Object(App\Controllers\CiudadanosController))
 6 SYSTEMPATH\CodeIgniter.php(363): CodeIgniter\CodeIgniter->handleRequest(null, Object(Config\Cache), false)
 7 SYSTEMPATH\Boot.php(417): CodeIgniter\CodeIgniter->run()
 8 SYSTEMPATH\Boot.php(68): CodeIgniter\Boot::runCodeIgniter(Object(CodeIgniter\CodeIgniter))
 9 FCPATH\index.php(59): CodeIgniter\Boot::bootWeb(Object(Config\Paths))
CRITICAL - 2026-10-04 01:57:58 --> ParseError: syntax error, unexpected single-quoted string "apellido", expecting "]"
[Method: GET, Route: ciudadanos]
in APPPATH\Models\CiudadanosModel.php on line 13.
 1 SYSTEMPATH\Autoloader\Autoloader.php(320): CodeIgniter\Autoloader\Autoloader->includeFile('C:\\xampp\\htdocs\\proyectos2026\\app\\Models\\CiudadanosModel.php')
 2 SYSTEMPATH\Autoloader\Autoloader.php(296): CodeIgniter\Autoloader\Autoloader->loadInNamespace('App\\Models\\CiudadanosModel')
 3 APPPATH\Controllers\CiudadanosController.php(11): CodeIgniter\Autoloader\Autoloader->loadClass('App\\Models\\CiudadanosModel')
 4 SYSTEMPATH\CodeIgniter.php(974): App\Controllers\CiudadanosController->index()
 5 SYSTEMPATH\CodeIgniter.php(520): CodeIgniter\CodeIgniter->runController(Object(App\Controllers\CiudadanosController))
 6 SYSTEMPATH\CodeIgniter.php(363): CodeIgniter\CodeIgniter->handleRequest(null, Object(Config\Cache), false)
 7 SYSTEMPATH\Boot.php(417): CodeIgniter\CodeIgniter->run()
 8 SYSTEMPATH\Boot.php(68): CodeIgniter\Boot::runCodeIgniter(Object(CodeIgniter\CodeIgniter))
 9 FCPATH\index.php(59): CodeIgniter\Boot::bootWeb(Object(Config\Paths))
CRITICAL - 2026-10-04 01:57:58 --> ParseError: syntax error, unexpected single-quoted string "apellido", expecting "]"
[Method: GET, Route: ciudadanos]
in APPPATH\Models\CiudadanosModel.php on line 13.
 1 SYSTEMPATH\Autoloader\Autoloader.php(320): CodeIgniter\Autoloader\Autoloader->includeFile('C:\\xampp\\htdocs\\proyectos2026\\app\\Models\\CiudadanosModel.php')
 2 SYSTEMPATH\Autoloader\Autoloader.php(296): CodeIgniter\Autoloader\Autoloader->loadInNamespace('App\\Models\\CiudadanosModel')
 3 APPPATH\Controllers\CiudadanosController.php(11): CodeIgniter\Autoloader\Autoloader->loadClass('App\\Models\\CiudadanosModel')
 4 SYSTEMPATH\CodeIgniter.php(974): App\Controllers\CiudadanosController->index()
 5 SYSTEMPATH\CodeIgniter.php(520): CodeIgniter\CodeIgniter->runController(Object(App\Controllers\CiudadanosController))
 6 SYSTEMPATH\CodeIgniter.php(363): CodeIgniter\CodeIgniter->handleRequest(null, Object(Config\Cache), false)
 7 SYSTEMPATH\Boot.php(417): CodeIgniter\CodeIgniter->run()
 8 SYSTEMPATH\Boot.php(68): CodeIgniter\Boot::runCodeIgniter(Object(CodeIgniter\CodeIgniter))
 9 FCPATH\index.php(59): CodeIgniter\Boot::bootWeb(Object(Config\Paths))
CRITICAL - 2026-10-04 01:59:23 --> CodeIgniter\View\Exceptions\ViewException: Invalid file: "ciudadanos.php"
[Method: GET, Route: ciudadanos]
in SYSTEMPATH\Exceptions\FrameworkException.php on line 39.
 1 SYSTEMPATH\View\View.php(228): CodeIgniter\Exceptions\FrameworkException::forInvalidFile('ciudadanos.php')
 2 SYSTEMPATH\Common.php(1268): CodeIgniter\View\View->render('ciudadanos', [], true)
 3 APPPATH\Controllers\CiudadanosController.php(14): view('ciudadanos', [...])
 4 SYSTEMPATH\CodeIgniter.php(974): App\Controllers\CiudadanosController->index()
 5 SYSTEMPATH\CodeIgniter.php(520): CodeIgniter\CodeIgniter->runController(Object(App\Controllers\CiudadanosController))
 6 SYSTEMPATH\CodeIgniter.php(363): CodeIgniter\CodeIgniter->handleRequest(null, Object(Config\Cache), false)
 7 SYSTEMPATH\Boot.php(417): CodeIgniter\CodeIgniter->run()
 8 SYSTEMPATH\Boot.php(68): CodeIgniter\Boot::runCodeIgniter(Object(CodeIgniter\CodeIgniter))
 9 FCPATH\index.php(59): CodeIgniter\Boot::bootWeb(Object(Config\Paths))
CRITICAL - 2026-10-04 01:59:24 --> CodeIgniter\View\Exceptions\ViewException: Invalid file: "ciudadanos.php"
[Method: GET, Route: ciudadanos]
in SYSTEMPATH\Exceptions\FrameworkException.php on line 39.
 1 SYSTEMPATH\View\View.php(228): CodeIgniter\Exceptions\FrameworkException::forInvalidFile('ciudadanos.php')
 2 SYSTEMPATH\Common.php(1268): CodeIgniter\View\View->render('ciudadanos', [], true)
 3 APPPATH\Controllers\CiudadanosController.php(14): view('ciudadanos', [...])
 4 SYSTEMPATH\CodeIgniter.php(974): App\Controllers\CiudadanosController->index()
 5 SYSTEMPATH\CodeIgniter.php(520): CodeIgniter\CodeIgniter->runController(Object(App\Controllers\CiudadanosController))
 6 SYSTEMPATH\CodeIgniter.php(363): CodeIgniter\CodeIgniter->handleRequest(null, Object(Config\Cache), false)
 7 SYSTEMPATH\Boot.php(417): CodeIgniter\CodeIgniter->run()
 8 SYSTEMPATH\Boot.php(68): CodeIgniter\Boot::runCodeIgniter(Object(CodeIgniter\CodeIgniter))
 9 FCPATH\index.php(59): CodeIgniter\Boot::bootWeb(Object(Config\Paths))
CRITICAL - 2026-10-04 02:01:53 --> CodeIgniter\View\Exceptions\ViewException: Invalid file: "ciudadanos.php"
[Method: GET, Route: ciudadanos]
in SYSTEMPATH\Exceptions\FrameworkException.php on line 39.
 1 SYSTEMPATH\View\View.php(228): CodeIgniter\Exceptions\FrameworkException::forInvalidFile('ciudadanos.php')
 2 SYSTEMPATH\Common.php(1268): CodeIgniter\View\View->render('ciudadanos', [], true)
 3 APPPATH\Controllers\CiudadanosController.php(14): view('ciudadanos', [...])
 4 SYSTEMPATH\CodeIgniter.php(974): App\Controllers\CiudadanosController->index()
 5 SYSTEMPATH\CodeIgniter.php(520): CodeIgniter\CodeIgniter->runController(Object(App\Controllers\CiudadanosController))
 6 SYSTEMPATH\CodeIgniter.php(363): CodeIgniter\CodeIgniter->handleRequest(null, Object(Config\Cache), false)
 7 SYSTEMPATH\Boot.php(417): CodeIgniter\CodeIgniter->run()
 8 SYSTEMPATH\Boot.php(68): CodeIgniter\Boot::runCodeIgniter(Object(CodeIgniter\CodeIgniter))
 9 FCPATH\index.php(59): CodeIgniter\Boot::bootWeb(Object(Config\Paths))
CRITICAL - 2026-10-04 02:01:54 --> CodeIgniter\View\Exceptions\ViewException: Invalid file: "ciudadanos.php"
[Method: GET, Route: ciudadanos]
in SYSTEMPATH\Exceptions\FrameworkException.php on line 39.
 1 SYSTEMPATH\View\View.php(228): CodeIgniter\Exceptions\FrameworkException::forInvalidFile('ciudadanos.php')
 2 SYSTEMPATH\Common.php(1268): CodeIgniter\View\View->render('ciudadanos', [], true)
 3 APPPATH\Controllers\CiudadanosController.php(14): view('ciudadanos', [...])
 4 SYSTEMPATH\CodeIgniter.php(974): App\Controllers\CiudadanosController->index()
 5 SYSTEMPATH\CodeIgniter.php(520): CodeIgniter\CodeIgniter->runController(Object(App\Controllers\CiudadanosController))
 6 SYSTEMPATH\CodeIgniter.php(363): CodeIgniter\CodeIgniter->handleRequest(null, Object(Config\Cache), false)
 7 SYSTEMPATH\Boot.php(417): CodeIgniter\CodeIgniter->run()
 8 SYSTEMPATH\Boot.php(68): CodeIgniter\Boot::runCodeIgniter(Object(CodeIgniter\CodeIgniter))
 9 FCPATH\index.php(59): CodeIgniter\Boot::bootWeb(Object(Config\Paths))
CRITICAL - 2026-10-04 02:01:55 --> CodeIgniter\View\Exceptions\ViewException: Invalid file: "ciudadanos.php"
[Method: GET, Route: ciudadanos]
in SYSTEMPATH\Exceptions\FrameworkException.php on line 39.
 1 SYSTEMPATH\View\View.php(228): CodeIgniter\Exceptions\FrameworkException::forInvalidFile('ciudadanos.php')
 2 SYSTEMPATH\Common.php(1268): CodeIgniter\View\View->render('ciudadanos', [], true)
 3 APPPATH\Controllers\CiudadanosController.php(14): view('ciudadanos', [...])
 4 SYSTEMPATH\CodeIgniter.php(974): App\Controllers\CiudadanosController->index()
 5 SYSTEMPATH\CodeIgniter.php(520): CodeIgniter\CodeIgniter->runController(Object(App\Controllers\CiudadanosController))
 6 SYSTEMPATH\CodeIgniter.php(363): CodeIgniter\CodeIgniter->handleRequest(null, Object(Config\Cache), false)
 7 SYSTEMPATH\Boot.php(417): CodeIgniter\CodeIgniter->run()
 8 SYSTEMPATH\Boot.php(68): CodeIgniter\Boot::runCodeIgniter(Object(CodeIgniter\CodeIgniter))
 9 FCPATH\index.php(59): CodeIgniter\Boot::bootWeb(Object(Config\Paths))
CRITICAL - 2026-10-04 02:01:56 --> CodeIgniter\View\Exceptions\ViewException: Invalid file: "ciudadanos.php"
[Method: GET, Route: ciudadanos]
in SYSTEMPATH\Exceptions\FrameworkException.php on line 39.
 1 SYSTEMPATH\View\View.php(228): CodeIgniter\Exceptions\FrameworkException::forInvalidFile('ciudadanos.php')
 2 SYSTEMPATH\Common.php(1268): CodeIgniter\View\View->render('ciudadanos', [], true)
 3 APPPATH\Controllers\CiudadanosController.php(14): view('ciudadanos', [...])
 4 SYSTEMPATH\CodeIgniter.php(974): App\Controllers\CiudadanosController->index()
 5 SYSTEMPATH\CodeIgniter.php(520): CodeIgniter\CodeIgniter->runController(Object(App\Controllers\CiudadanosController))
 6 SYSTEMPATH\CodeIgniter.php(363): CodeIgniter\CodeIgniter->handleRequest(null, Object(Config\Cache), false)
 7 SYSTEMPATH\Boot.php(417): CodeIgniter\CodeIgniter->run()
 8 SYSTEMPATH\Boot.php(68): CodeIgniter\Boot::runCodeIgniter(Object(CodeIgniter\CodeIgniter))
 9 FCPATH\index.php(59): CodeIgniter\Boot::bootWeb(Object(Config\Paths))
CRITICAL - 2026-10-04 02:01:59 --> CodeIgniter\View\Exceptions\ViewException: Invalid file: "ciudadanos.php"
[Method: GET, Route: ciudadanos]
in SYSTEMPATH\Exceptions\FrameworkException.php on line 39.
 1 SYSTEMPATH\View\View.php(228): CodeIgniter\Exceptions\FrameworkException::forInvalidFile('ciudadanos.php')
 2 SYSTEMPATH\Common.php(1268): CodeIgniter\View\View->render('ciudadanos', [], true)
 3 APPPATH\Controllers\CiudadanosController.php(14): view('ciudadanos', [...])
 4 SYSTEMPATH\CodeIgniter.php(974): App\Controllers\CiudadanosController->index()
 5 SYSTEMPATH\CodeIgniter.php(520): CodeIgniter\CodeIgniter->runController(Object(App\Controllers\CiudadanosController))
 6 SYSTEMPATH\CodeIgniter.php(363): CodeIgniter\CodeIgniter->handleRequest(null, Object(Config\Cache), false)
 7 SYSTEMPATH\Boot.php(417): CodeIgniter\CodeIgniter->run()
 8 SYSTEMPATH\Boot.php(68): CodeIgniter\Boot::runCodeIgniter(Object(CodeIgniter\CodeIgniter))
 9 FCPATH\index.php(59): CodeIgniter\Boot::bootWeb(Object(Config\Paths))
CRITICAL - 2026-10-04 02:03:56 --> ErrorException: Undefined array key "Dpi"
[Method: GET, Route: ciudadanos]
in APPPATH\Views\ciudadanos.php on line 38.
 1 APPPATH\Views\ciudadanos.php(38): CodeIgniter\Debug\Exceptions->errorHandler(2, 'Undefined array key "Dpi"', 'C:\\xampp\\htdocs\\proyectos2026\\app\\Views\\ciudadanos.php', 38)
 2 SYSTEMPATH\View\View.php(240): include('C:\\xampp\\htdocs\\proyectos2026\\app\\Views\\ciudadanos.php')
 3 SYSTEMPATH\View\View.php(243): CodeIgniter\View\View->CodeIgniter\View\{closure}()
 4 SYSTEMPATH\Common.php(1268): CodeIgniter\View\View->render('ciudadanos', [], true)
 5 APPPATH\Controllers\CiudadanosController.php(14): view('ciudadanos', [...])
 6 SYSTEMPATH\CodeIgniter.php(974): App\Controllers\CiudadanosController->index()
 7 SYSTEMPATH\CodeIgniter.php(520): CodeIgniter\CodeIgniter->runController(Object(App\Controllers\CiudadanosController))
 8 SYSTEMPATH\CodeIgniter.php(363): CodeIgniter\CodeIgniter->handleRequest(null, Object(Config\Cache), false)
 9 SYSTEMPATH\Boot.php(417): CodeIgniter\CodeIgniter->run()
10 SYSTEMPATH\Boot.php(68): CodeIgniter\Boot::runCodeIgniter(Object(CodeIgniter\CodeIgniter))
11 FCPATH\index.php(59): CodeIgniter\Boot::bootWeb(Object(Config\Paths))
CRITICAL - 2026-10-04 02:03:57 --> ErrorException: Undefined array key "Dpi"
[Method: GET, Route: ciudadanos]
in APPPATH\Views\ciudadanos.php on line 38.
 1 APPPATH\Views\ciudadanos.php(38): CodeIgniter\Debug\Exceptions->errorHandler(2, 'Undefined array key "Dpi"', 'C:\\xampp\\htdocs\\proyectos2026\\app\\Views\\ciudadanos.php', 38)
 2 SYSTEMPATH\View\View.php(240): include('C:\\xampp\\htdocs\\proyectos2026\\app\\Views\\ciudadanos.php')
 3 SYSTEMPATH\View\View.php(243): CodeIgniter\View\View->CodeIgniter\View\{closure}()
 4 SYSTEMPATH\Common.php(1268): CodeIgniter\View\View->render('ciudadanos', [], true)
 5 APPPATH\Controllers\CiudadanosController.php(14): view('ciudadanos', [...])
 6 SYSTEMPATH\CodeIgniter.php(974): App\Controllers\CiudadanosController->index()
 7 SYSTEMPATH\CodeIgniter.php(520): CodeIgniter\CodeIgniter->runController(Object(App\Controllers\CiudadanosController))
 8 SYSTEMPATH\CodeIgniter.php(363): CodeIgniter\CodeIgniter->handleRequest(null, Object(Config\Cache), false)
 9 SYSTEMPATH\Boot.php(417): CodeIgniter\CodeIgniter->run()
10 SYSTEMPATH\Boot.php(68): CodeIgniter\Boot::runCodeIgniter(Object(CodeIgniter\CodeIgniter))
11 FCPATH\index.php(59): CodeIgniter\Boot::bootWeb(Object(Config\Paths))
CRITICAL - 2026-10-04 02:05:25 --> ErrorException: Undefined array key "Dpi"
[Method: GET, Route: ciudadanos]
in APPPATH\Views\ciudadanos.php on line 51.
 1 APPPATH\Views\ciudadanos.php(51): CodeIgniter\Debug\Exceptions->errorHandler(2, 'Undefined array key "Dpi"', 'C:\\xampp\\htdocs\\proyectos2026\\app\\Views\\ciudadanos.php', 51)
 2 SYSTEMPATH\View\View.php(240): include('C:\\xampp\\htdocs\\proyectos2026\\app\\Views\\ciudadanos.php')
 3 SYSTEMPATH\View\View.php(243): CodeIgniter\View\View->CodeIgniter\View\{closure}()
 4 SYSTEMPATH\Common.php(1268): CodeIgniter\View\View->render('ciudadanos', [], true)
 5 APPPATH\Controllers\CiudadanosController.php(14): view('ciudadanos', [...])
 6 SYSTEMPATH\CodeIgniter.php(974): App\Controllers\CiudadanosController->index()
 7 SYSTEMPATH\CodeIgniter.php(520): CodeIgniter\CodeIgniter->runController(Object(App\Controllers\CiudadanosController))
 8 SYSTEMPATH\CodeIgniter.php(363): CodeIgniter\CodeIgniter->handleRequest(null, Object(Config\Cache), false)
 9 SYSTEMPATH\Boot.php(417): CodeIgniter\CodeIgniter->run()
10 SYSTEMPATH\Boot.php(68): CodeIgniter\Boot::runCodeIgniter(Object(CodeIgniter\CodeIgniter))
11 FCPATH\index.php(59): CodeIgniter\Boot::bootWeb(Object(Config\Paths))
CRITICAL - 2026-10-04 02:17:36 --> ErrorException: Trying to access array offset on value of type null
[Method: GET, Route: buscar/1007928191909]
in APPPATH\Views\form_modificar_region.php on line 17.
 1 APPPATH\Views\form_modificar_region.php(17): CodeIgniter\Debug\Exceptions->errorHandler(2, 'Trying to access array offset on value of type null', 'C:\\xampp\\htdocs\\proyectos2026\\app\\Views\\form_modificar_region.php', 17)
 2 SYSTEMPATH\View\View.php(240): include('C:\\xampp\\htdocs\\proyectos2026\\app\\Views\\form_modificar_region.php')
 3 SYSTEMPATH\View\View.php(243): CodeIgniter\View\View->CodeIgniter\View\{closure}()
 4 SYSTEMPATH\Common.php(1268): CodeIgniter\View\View->render('form_modificar_region', [], true)
 5 APPPATH\Controllers\RegionesController.php(42): view('form_modificar_region', [...])
 6 SYSTEMPATH\CodeIgniter.php(974): App\Controllers\RegionesController->buscar('1007928191909')
 7 SYSTEMPATH\CodeIgniter.php(520): CodeIgniter\CodeIgniter->runController(Object(App\Controllers\RegionesController))
 8 SYSTEMPATH\CodeIgniter.php(363): CodeIgniter\CodeIgniter->handleRequest(null, Object(Config\Cache), false)
 9 SYSTEMPATH\Boot.php(417): CodeIgniter\CodeIgniter->run()
10 SYSTEMPATH\Boot.php(68): CodeIgniter\Boot::runCodeIgniter(Object(CodeIgniter\CodeIgniter))
11 FCPATH\index.php(59): CodeIgniter\Boot::bootWeb(Object(Config\Paths))
CRITICAL - 2026-10-04 02:24:39 --> ErrorException: Trying to access array offset on value of type null
[Method: GET, Route: buscar/1007928191909]
in APPPATH\Views\form_modificar_region.php on line 17.
 1 APPPATH\Views\form_modificar_region.php(17): CodeIgniter\Debug\Exceptions->errorHandler(2, 'Trying to access array offset on value of type null', 'C:\\xampp\\htdocs\\proyectos2026\\app\\Views\\form_modificar_region.php', 17)
 2 SYSTEMPATH\View\View.php(240): include('C:\\xampp\\htdocs\\proyectos2026\\app\\Views\\form_modificar_region.php')
 3 SYSTEMPATH\View\View.php(243): CodeIgniter\View\View->CodeIgniter\View\{closure}()
 4 SYSTEMPATH\Common.php(1268): CodeIgniter\View\View->render('form_modificar_region', [], true)
 5 APPPATH\Controllers\RegionesController.php(42): view('form_modificar_region', [...])
 6 SYSTEMPATH\CodeIgniter.php(974): App\Controllers\RegionesController->buscar('1007928191909')
 7 SYSTEMPATH\CodeIgniter.php(520): CodeIgniter\CodeIgniter->runController(Object(App\Controllers\RegionesController))
 8 SYSTEMPATH\CodeIgniter.php(363): CodeIgniter\CodeIgniter->handleRequest(null, Object(Config\Cache), false)
 9 SYSTEMPATH\Boot.php(417): CodeIgniter\CodeIgniter->run()
10 SYSTEMPATH\Boot.php(68): CodeIgniter\Boot::runCodeIgniter(Object(CodeIgniter\CodeIgniter))
11 FCPATH\index.php(59): CodeIgniter\Boot::bootWeb(Object(Config\Paths))
CRITICAL - 2026-10-04 02:25:25 --> ErrorException: Trying to access array offset on value of type null
[Method: GET, Route: buscar/1007928191909]
in APPPATH\Views\form_modificar_region.php on line 17.
 1 APPPATH\Views\form_modificar_region.php(17): CodeIgniter\Debug\Exceptions->errorHandler(2, 'Trying to access array offset on value of type null', 'C:\\xampp\\htdocs\\proyectos2026\\app\\Views\\form_modificar_region.php', 17)
 2 SYSTEMPATH\View\View.php(240): include('C:\\xampp\\htdocs\\proyectos2026\\app\\Views\\form_modificar_region.php')
 3 SYSTEMPATH\View\View.php(243): CodeIgniter\View\View->CodeIgniter\View\{closure}()
 4 SYSTEMPATH\Common.php(1268): CodeIgniter\View\View->render('form_modificar_region', [], true)
 5 APPPATH\Controllers\RegionesController.php(42): view('form_modificar_region', [...])
 6 SYSTEMPATH\CodeIgniter.php(974): App\Controllers\RegionesController->buscar('1007928191909')
 7 SYSTEMPATH\CodeIgniter.php(520): CodeIgniter\CodeIgniter->runController(Object(App\Controllers\RegionesController))
 8 SYSTEMPATH\CodeIgniter.php(363): CodeIgniter\CodeIgniter->handleRequest(null, Object(Config\Cache), false)
 9 SYSTEMPATH\Boot.php(417): CodeIgniter\CodeIgniter->run()
10 SYSTEMPATH\Boot.php(68): CodeIgniter\Boot::runCodeIgniter(Object(CodeIgniter\CodeIgniter))
11 FCPATH\index.php(59): CodeIgniter\Boot::bootWeb(Object(Config\Paths))
CRITICAL - 2026-10-04 02:30:21 --> ErrorException: Trying to access array offset on value of type null
[Method: GET, Route: buscar/1007928191909]
in APPPATH\Views\form_modificar_region.php on line 17.
 1 APPPATH\Views\form_modificar_region.php(17): CodeIgniter\Debug\Exceptions->errorHandler(2, 'Trying to access array offset on value of type null', 'C:\\xampp\\htdocs\\proyectos2026\\app\\Views\\form_modificar_region.php', 17)
 2 SYSTEMPATH\View\View.php(240): include('C:\\xampp\\htdocs\\proyectos2026\\app\\Views\\form_modificar_region.php')
 3 SYSTEMPATH\View\View.php(243): CodeIgniter\View\View->CodeIgniter\View\{closure}()
 4 SYSTEMPATH\Common.php(1268): CodeIgniter\View\View->render('form_modificar_region', [], true)
 5 APPPATH\Controllers\RegionesController.php(42): view('form_modificar_region', [...])
 6 SYSTEMPATH\CodeIgniter.php(974): App\Controllers\RegionesController->buscar('1007928191909')
 7 SYSTEMPATH\CodeIgniter.php(520): CodeIgniter\CodeIgniter->runController(Object(App\Controllers\RegionesController))
 8 SYSTEMPATH\CodeIgniter.php(363): CodeIgniter\CodeIgniter->handleRequest(null, Object(Config\Cache), false)
 9 SYSTEMPATH\Boot.php(417): CodeIgniter\CodeIgniter->run()
10 SYSTEMPATH\Boot.php(68): CodeIgniter\Boot::runCodeIgniter(Object(CodeIgniter\CodeIgniter))
11 FCPATH\index.php(59): CodeIgniter\Boot::bootWeb(Object(Config\Paths))
CRITICAL - 2026-10-04 02:52:28 --> ErrorException: Trying to access array offset on value of type null
[Method: GET, Route: buscar/1007928191909]
in APPPATH\Views\form_modificar_region.php on line 17.
 1 APPPATH\Views\form_modificar_region.php(17): CodeIgniter\Debug\Exceptions->errorHandler(2, 'Trying to access array offset on value of type null', 'C:\\xampp\\htdocs\\proyectos2026\\app\\Views\\form_modificar_region.php', 17)
 2 SYSTEMPATH\View\View.php(240): include('C:\\xampp\\htdocs\\proyectos2026\\app\\Views\\form_modificar_region.php')
 3 SYSTEMPATH\View\View.php(243): CodeIgniter\View\View->CodeIgniter\View\{closure}()
 4 SYSTEMPATH\Common.php(1268): CodeIgniter\View\View->render('form_modificar_region', [], true)
 5 APPPATH\Controllers\RegionesController.php(42): view('form_modificar_region', [...])
 6 SYSTEMPATH\CodeIgniter.php(974): App\Controllers\RegionesController->buscar('1007928191909')
 7 SYSTEMPATH\CodeIgniter.php(520): CodeIgniter\CodeIgniter->runController(Object(App\Controllers\RegionesController))
 8 SYSTEMPATH\CodeIgniter.php(363): CodeIgniter\CodeIgniter->handleRequest(null, Object(Config\Cache), false)
 9 SYSTEMPATH\Boot.php(417): CodeIgniter\CodeIgniter->run()
10 SYSTEMPATH\Boot.php(68): CodeIgniter\Boot::runCodeIgniter(Object(CodeIgniter\CodeIgniter))
11 FCPATH\index.php(59): CodeIgniter\Boot::bootWeb(Object(Config\Paths))
CRITICAL - 2026-10-04 02:52:39 --> ErrorException: Trying to access array offset on value of type null
[Method: GET, Route: buscar/1007928191909]
in APPPATH\Views\form_modificar_region.php on line 17.
 1 APPPATH\Views\form_modificar_region.php(17): CodeIgniter\Debug\Exceptions->errorHandler(2, 'Trying to access array offset on value of type null', 'C:\\xampp\\htdocs\\proyectos2026\\app\\Views\\form_modificar_region.php', 17)
 2 SYSTEMPATH\View\View.php(240): include('C:\\xampp\\htdocs\\proyectos2026\\app\\Views\\form_modificar_region.php')
 3 SYSTEMPATH\View\View.php(243): CodeIgniter\View\View->CodeIgniter\View\{closure}()
 4 SYSTEMPATH\Common.php(1268): CodeIgniter\View\View->render('form_modificar_region', [], true)
 5 APPPATH\Controllers\RegionesController.php(42): view('form_modificar_region', [...])
 6 SYSTEMPATH\CodeIgniter.php(974): App\Controllers\RegionesController->buscar('1007928191909')
 7 SYSTEMPATH\CodeIgniter.php(520): CodeIgniter\CodeIgniter->runController(Object(App\Controllers\RegionesController))
 8 SYSTEMPATH\CodeIgniter.php(363): CodeIgniter\CodeIgniter->handleRequest(null, Object(Config\Cache), false)
 9 SYSTEMPATH\Boot.php(417): CodeIgniter\CodeIgniter->run()
10 SYSTEMPATH\Boot.php(68): CodeIgniter\Boot::runCodeIgniter(Object(CodeIgniter\CodeIgniter))
11 FCPATH\index.php(59): CodeIgniter\Boot::bootWeb(Object(Config\Paths))
CRITICAL - 2026-10-04 03:04:17 --> ErrorException: Trying to access array offset on value of type null
[Method: GET, Route: buscar/1007928191909]
in APPPATH\Views\form_modificar_region.php on line 17.
 1 APPPATH\Views\form_modificar_region.php(17): CodeIgniter\Debug\Exceptions->errorHandler(2, 'Trying to access array offset on value of type null', 'C:\\xampp\\htdocs\\proyectos2026\\app\\Views\\form_modificar_region.php', 17)
 2 SYSTEMPATH\View\View.php(240): include('C:\\xampp\\htdocs\\proyectos2026\\app\\Views\\form_modificar_region.php')
 3 SYSTEMPATH\View\View.php(243): CodeIgniter\View\View->CodeIgniter\View\{closure}()
 4 SYSTEMPATH\Common.php(1268): CodeIgniter\View\View->render('form_modificar_region', [], true)
 5 APPPATH\Controllers\RegionesController.php(42): view('form_modificar_region', [...])
 6 SYSTEMPATH\CodeIgniter.php(974): App\Controllers\RegionesController->buscar('1007928191909')
 7 SYSTEMPATH\CodeIgniter.php(520): CodeIgniter\CodeIgniter->runController(Object(App\Controllers\RegionesController))
 8 SYSTEMPATH\CodeIgniter.php(363): CodeIgniter\CodeIgniter->handleRequest(null, Object(Config\Cache), false)
 9 SYSTEMPATH\Boot.php(417): CodeIgniter\CodeIgniter->run()
10 SYSTEMPATH\Boot.php(68): CodeIgniter\Boot::runCodeIgniter(Object(CodeIgniter\CodeIgniter))
11 FCPATH\index.php(59): CodeIgniter\Boot::bootWeb(Object(Config\Paths))
CRITICAL - 2026-10-04 03:04:19 --> ParseError: syntax error, unexpected single-quoted string "direccion", expecting "]"
[Method: GET, Route: ciudadanos]
in APPPATH\Controllers\CiudadanosController.php on line 23.
 1 SYSTEMPATH\Autoloader\Autoloader.php(320): CodeIgniter\Autoloader\Autoloader->includeFile('C:\\xampp\\htdocs\\proyectos2026\\app\\Controllers\\CiudadanosController.php')
 2 SYSTEMPATH\Autoloader\Autoloader.php(296): CodeIgniter\Autoloader\Autoloader->loadInNamespace('App\\Controllers\\CiudadanosController')
 3 [internal function]: CodeIgniter\Autoloader\Autoloader->loadClass('App\\Controllers\\CiudadanosController')
 4 SYSTEMPATH\Router\Router.php(790): class_exists('\\App\\Controllers\\CiudadanosController')
 5 SYSTEMPATH\Router\Router.php(228): CodeIgniter\Router\Router->processRouteAttributes()
 6 SYSTEMPATH\CodeIgniter.php(852): CodeIgniter\Router\Router->handle('ciudadanos')
 7 SYSTEMPATH\CodeIgniter.php(464): CodeIgniter\CodeIgniter->tryToRouteIt(Object(CodeIgniter\Router\RouteCollection))
 8 SYSTEMPATH\CodeIgniter.php(363): CodeIgniter\CodeIgniter->handleRequest(null, Object(Config\Cache), false)
 9 SYSTEMPATH\Boot.php(417): CodeIgniter\CodeIgniter->run()
10 SYSTEMPATH\Boot.php(68): CodeIgniter\Boot::runCodeIgniter(Object(CodeIgniter\CodeIgniter))
11 FCPATH\index.php(59): CodeIgniter\Boot::bootWeb(Object(Config\Paths))
CRITICAL - 2026-10-04 03:04:26 --> ParseError: syntax error, unexpected single-quoted string "direccion", expecting "]"
[Method: GET, Route: ciudadanos]
in APPPATH\Controllers\CiudadanosController.php on line 23.
 1 SYSTEMPATH\Autoloader\Autoloader.php(320): CodeIgniter\Autoloader\Autoloader->includeFile('C:\\xampp\\htdocs\\proyectos2026\\app\\Controllers\\CiudadanosController.php')
 2 SYSTEMPATH\Autoloader\Autoloader.php(296): CodeIgniter\Autoloader\Autoloader->loadInNamespace('App\\Controllers\\CiudadanosController')
 3 [internal function]: CodeIgniter\Autoloader\Autoloader->loadClass('App\\Controllers\\CiudadanosController')
 4 SYSTEMPATH\Router\Router.php(790): class_exists('\\App\\Controllers\\CiudadanosController')
 5 SYSTEMPATH\Router\Router.php(228): CodeIgniter\Router\Router->processRouteAttributes()
 6 SYSTEMPATH\CodeIgniter.php(852): CodeIgniter\Router\Router->handle('ciudadanos')
 7 SYSTEMPATH\CodeIgniter.php(464): CodeIgniter\CodeIgniter->tryToRouteIt(Object(CodeIgniter\Router\RouteCollection))
 8 SYSTEMPATH\CodeIgniter.php(363): CodeIgniter\CodeIgniter->handleRequest(null, Object(Config\Cache), false)
 9 SYSTEMPATH\Boot.php(417): CodeIgniter\CodeIgniter->run()
10 SYSTEMPATH\Boot.php(68): CodeIgniter\Boot::runCodeIgniter(Object(CodeIgniter\CodeIgniter))
11 FCPATH\index.php(59): CodeIgniter\Boot::bootWeb(Object(Config\Paths))
CRITICAL - 2026-10-04 03:06:17 --> ParseError: syntax error, unexpected single-quoted string "direccion", expecting "]"
[Method: GET, Route: ciudadanos]
in APPPATH\Controllers\CiudadanosController.php on line 23.
 1 SYSTEMPATH\Autoloader\Autoloader.php(320): CodeIgniter\Autoloader\Autoloader->includeFile('C:\\xampp\\htdocs\\proyectos2026\\app\\Controllers\\CiudadanosController.php')
 2 SYSTEMPATH\Autoloader\Autoloader.php(296): CodeIgniter\Autoloader\Autoloader->loadInNamespace('App\\Controllers\\CiudadanosController')
 3 [internal function]: CodeIgniter\Autoloader\Autoloader->loadClass('App\\Controllers\\CiudadanosController')
 4 SYSTEMPATH\Router\Router.php(790): class_exists('\\App\\Controllers\\CiudadanosController')
 5 SYSTEMPATH\Router\Router.php(228): CodeIgniter\Router\Router->processRouteAttributes()
 6 SYSTEMPATH\CodeIgniter.php(852): CodeIgniter\Router\Router->handle('ciudadanos')
 7 SYSTEMPATH\CodeIgniter.php(464): CodeIgniter\CodeIgniter->tryToRouteIt(Object(CodeIgniter\Router\RouteCollection))
 8 SYSTEMPATH\CodeIgniter.php(363): CodeIgniter\CodeIgniter->handleRequest(null, Object(Config\Cache), false)
 9 SYSTEMPATH\Boot.php(417): CodeIgniter\CodeIgniter->run()
10 SYSTEMPATH\Boot.php(68): CodeIgniter\Boot::runCodeIgniter(Object(CodeIgniter\CodeIgniter))
11 FCPATH\index.php(59): CodeIgniter\Boot::bootWeb(Object(Config\Paths))
CRITICAL - 2026-10-04 03:06:18 --> ParseError: syntax error, unexpected single-quoted string "direccion", expecting "]"
[Method: GET, Route: ciudadanos]
in APPPATH\Controllers\CiudadanosController.php on line 23.
 1 SYSTEMPATH\Autoloader\Autoloader.php(320): CodeIgniter\Autoloader\Autoloader->includeFile('C:\\xampp\\htdocs\\proyectos2026\\app\\Controllers\\CiudadanosController.php')
 2 SYSTEMPATH\Autoloader\Autoloader.php(296): CodeIgniter\Autoloader\Autoloader->loadInNamespace('App\\Controllers\\CiudadanosController')
 3 [internal function]: CodeIgniter\Autoloader\Autoloader->loadClass('App\\Controllers\\CiudadanosController')
 4 SYSTEMPATH\Router\Router.php(790): class_exists('\\App\\Controllers\\CiudadanosController')
 5 SYSTEMPATH\Router\Router.php(228): CodeIgniter\Router\Router->processRouteAttributes()
 6 SYSTEMPATH\CodeIgniter.php(852): CodeIgniter\Router\Router->handle('ciudadanos')
 7 SYSTEMPATH\CodeIgniter.php(464): CodeIgniter\CodeIgniter->tryToRouteIt(Object(CodeIgniter\Router\RouteCollection))
 8 SYSTEMPATH\CodeIgniter.php(363): CodeIgniter\CodeIgniter->handleRequest(null, Object(Config\Cache), false)
 9 SYSTEMPATH\Boot.php(417): CodeIgniter\CodeIgniter->run()
10 SYSTEMPATH\Boot.php(68): CodeIgniter\Boot::runCodeIgniter(Object(CodeIgniter\CodeIgniter))
11 FCPATH\index.php(59): CodeIgniter\Boot::bootWeb(Object(Config\Paths))
CRITICAL - 2026-10-04 03:06:28 --> ParseError: syntax error, unexpected single-quoted string "direccion", expecting "]"
[Method: GET, Route: ciudadanos]
in APPPATH\Controllers\CiudadanosController.php on line 23.
 1 SYSTEMPATH\Autoloader\Autoloader.php(320): CodeIgniter\Autoloader\Autoloader->includeFile('C:\\xampp\\htdocs\\proyectos2026\\app\\Controllers\\CiudadanosController.php')
 2 SYSTEMPATH\Autoloader\Autoloader.php(296): CodeIgniter\Autoloader\Autoloader->loadInNamespace('App\\Controllers\\CiudadanosController')
 3 [internal function]: CodeIgniter\Autoloader\Autoloader->loadClass('App\\Controllers\\CiudadanosController')
 4 SYSTEMPATH\Router\Router.php(790): class_exists('\\App\\Controllers\\CiudadanosController')
 5 SYSTEMPATH\Router\Router.php(228): CodeIgniter\Router\Router->processRouteAttributes()
 6 SYSTEMPATH\CodeIgniter.php(852): CodeIgniter\Router\Router->handle('ciudadanos')
 7 SYSTEMPATH\CodeIgniter.php(464): CodeIgniter\CodeIgniter->tryToRouteIt(Object(CodeIgniter\Router\RouteCollection))
 8 SYSTEMPATH\CodeIgniter.php(363): CodeIgniter\CodeIgniter->handleRequest(null, Object(Config\Cache), false)
 9 SYSTEMPATH\Boot.php(417): CodeIgniter\CodeIgniter->run()
10 SYSTEMPATH\Boot.php(68): CodeIgniter\Boot::runCodeIgniter(Object(CodeIgniter\CodeIgniter))
11 FCPATH\index.php(59): CodeIgniter\Boot::bootWeb(Object(Config\Paths))
CRITICAL - 2026-10-04 03:07:09 --> ErrorException: Trying to access array offset on value of type null
[Method: GET, Route: buscar/1007928191909]
in APPPATH\Views\form_modificar_region.php on line 17.
 1 APPPATH\Views\form_modificar_region.php(17): CodeIgniter\Debug\Exceptions->errorHandler(2, 'Trying to access array offset on value of type null', 'C:\\xampp\\htdocs\\proyectos2026\\app\\Views\\form_modificar_region.php', 17)
 2 SYSTEMPATH\View\View.php(240): include('C:\\xampp\\htdocs\\proyectos2026\\app\\Views\\form_modificar_region.php')
 3 SYSTEMPATH\View\View.php(243): CodeIgniter\View\View->CodeIgniter\View\{closure}()
 4 SYSTEMPATH\Common.php(1268): CodeIgniter\View\View->render('form_modificar_region', [], true)
 5 APPPATH\Controllers\RegionesController.php(42): view('form_modificar_region', [...])
 6 SYSTEMPATH\CodeIgniter.php(974): App\Controllers\RegionesController->buscar('1007928191909')
 7 SYSTEMPATH\CodeIgniter.php(520): CodeIgniter\CodeIgniter->runController(Object(App\Controllers\RegionesController))
 8 SYSTEMPATH\CodeIgniter.php(363): CodeIgniter\CodeIgniter->handleRequest(null, Object(Config\Cache), false)
 9 SYSTEMPATH\Boot.php(417): CodeIgniter\CodeIgniter->run()
10 SYSTEMPATH\Boot.php(68): CodeIgniter\Boot::runCodeIgniter(Object(CodeIgniter\CodeIgniter))
11 FCPATH\index.php(59): CodeIgniter\Boot::bootWeb(Object(Config\Paths))
CRITICAL - 2026-10-04 03:08:09 --> ErrorException: Trying to access array offset on value of type null
[Method: GET, Route: buscar/1007928191909]
in APPPATH\Views\form_modificar_region.php on line 17.
 1 APPPATH\Views\form_modificar_region.php(17): CodeIgniter\Debug\Exceptions->errorHandler(2, 'Trying to access array offset on value of type null', 'C:\\xampp\\htdocs\\proyectos2026\\app\\Views\\form_modificar_region.php', 17)
 2 SYSTEMPATH\View\View.php(240): include('C:\\xampp\\htdocs\\proyectos2026\\app\\Views\\form_modificar_region.php')
 3 SYSTEMPATH\View\View.php(243): CodeIgniter\View\View->CodeIgniter\View\{closure}()
 4 SYSTEMPATH\Common.php(1268): CodeIgniter\View\View->render('form_modificar_region', [], true)
 5 APPPATH\Controllers\RegionesController.php(42): view('form_modificar_region', [...])
 6 SYSTEMPATH\CodeIgniter.php(974): App\Controllers\RegionesController->buscar('1007928191909')
 7 SYSTEMPATH\CodeIgniter.php(520): CodeIgniter\CodeIgniter->runController(Object(App\Controllers\RegionesController))
 8 SYSTEMPATH\CodeIgniter.php(363): CodeIgniter\CodeIgniter->handleRequest(null, Object(Config\Cache), false)
 9 SYSTEMPATH\Boot.php(417): CodeIgniter\CodeIgniter->run()
10 SYSTEMPATH\Boot.php(68): CodeIgniter\Boot::runCodeIgniter(Object(CodeIgniter\CodeIgniter))
11 FCPATH\index.php(59): CodeIgniter\Boot::bootWeb(Object(Config\Paths))
CRITICAL - 2026-10-04 03:12:16 --> ErrorException: Trying to access array offset on value of type null
[Method: GET, Route: buscar/1007928191909]
in APPPATH\Views\form_modificar_region.php on line 17.
 1 APPPATH\Views\form_modificar_region.php(17): CodeIgniter\Debug\Exceptions->errorHandler(2, 'Trying to access array offset on value of type null', 'C:\\xampp\\htdocs\\proyectos2026\\app\\Views\\form_modificar_region.php', 17)
 2 SYSTEMPATH\View\View.php(240): include('C:\\xampp\\htdocs\\proyectos2026\\app\\Views\\form_modificar_region.php')
 3 SYSTEMPATH\View\View.php(243): CodeIgniter\View\View->CodeIgniter\View\{closure}()
 4 SYSTEMPATH\Common.php(1268): CodeIgniter\View\View->render('form_modificar_region', [], true)
 5 APPPATH\Controllers\RegionesController.php(42): view('form_modificar_region', [...])
 6 SYSTEMPATH\CodeIgniter.php(974): App\Controllers\RegionesController->buscar('1007928191909')
 7 SYSTEMPATH\CodeIgniter.php(520): CodeIgniter\CodeIgniter->runController(Object(App\Controllers\RegionesController))
 8 SYSTEMPATH\CodeIgniter.php(363): CodeIgniter\CodeIgniter->handleRequest(null, Object(Config\Cache), false)
 9 SYSTEMPATH\Boot.php(417): CodeIgniter\CodeIgniter->run()
10 SYSTEMPATH\Boot.php(68): CodeIgniter\Boot::runCodeIgniter(Object(CodeIgniter\CodeIgniter))
11 FCPATH\index.php(59): CodeIgniter\Boot::bootWeb(Object(Config\Paths))
CRITICAL - 2026-10-04 03:14:47 --> ErrorException: Trying to access array offset on value of type null
[Method: GET, Route: buscar/1007928191909]
in APPPATH\Views\form_modificar_region.php on line 17.
 1 APPPATH\Views\form_modificar_region.php(17): CodeIgniter\Debug\Exceptions->errorHandler(2, 'Trying to access array offset on value of type null', 'C:\\xampp\\htdocs\\proyectos2026\\app\\Views\\form_modificar_region.php', 17)
 2 SYSTEMPATH\View\View.php(240): include('C:\\xampp\\htdocs\\proyectos2026\\app\\Views\\form_modificar_region.php')
 3 SYSTEMPATH\View\View.php(243): CodeIgniter\View\View->CodeIgniter\View\{closure}()
 4 SYSTEMPATH\Common.php(1268): CodeIgniter\View\View->render('form_modificar_region', [], true)
 5 APPPATH\Controllers\RegionesController.php(42): view('form_modificar_region', [...])
 6 SYSTEMPATH\CodeIgniter.php(974): App\Controllers\RegionesController->buscar('1007928191909')
 7 SYSTEMPATH\CodeIgniter.php(520): CodeIgniter\CodeIgniter->runController(Object(App\Controllers\RegionesController))
 8 SYSTEMPATH\CodeIgniter.php(363): CodeIgniter\CodeIgniter->handleRequest(null, Object(Config\Cache), false)
 9 SYSTEMPATH\Boot.php(417): CodeIgniter\CodeIgniter->run()
10 SYSTEMPATH\Boot.php(68): CodeIgniter\Boot::runCodeIgniter(Object(CodeIgniter\CodeIgniter))
11 FCPATH\index.php(59): CodeIgniter\Boot::bootWeb(Object(Config\Paths))
CRITICAL - 2026-10-04 03:14:48 --> ErrorException: Trying to access array offset on value of type null
[Method: GET, Route: buscar/1007928191909]
in APPPATH\Views\form_modificar_region.php on line 17.
 1 APPPATH\Views\form_modificar_region.php(17): CodeIgniter\Debug\Exceptions->errorHandler(2, 'Trying to access array offset on value of type null', 'C:\\xampp\\htdocs\\proyectos2026\\app\\Views\\form_modificar_region.php', 17)
 2 SYSTEMPATH\View\View.php(240): include('C:\\xampp\\htdocs\\proyectos2026\\app\\Views\\form_modificar_region.php')
 3 SYSTEMPATH\View\View.php(243): CodeIgniter\View\View->CodeIgniter\View\{closure}()
 4 SYSTEMPATH\Common.php(1268): CodeIgniter\View\View->render('form_modificar_region', [], true)
 5 APPPATH\Controllers\RegionesController.php(42): view('form_modificar_region', [...])
 6 SYSTEMPATH\CodeIgniter.php(974): App\Controllers\RegionesController->buscar('1007928191909')
 7 SYSTEMPATH\CodeIgniter.php(520): CodeIgniter\CodeIgniter->runController(Object(App\Controllers\RegionesController))
 8 SYSTEMPATH\CodeIgniter.php(363): CodeIgniter\CodeIgniter->handleRequest(null, Object(Config\Cache), false)
 9 SYSTEMPATH\Boot.php(417): CodeIgniter\CodeIgniter->run()
10 SYSTEMPATH\Boot.php(68): CodeIgniter\Boot::runCodeIgniter(Object(CodeIgniter\CodeIgniter))
11 FCPATH\index.php(59): CodeIgniter\Boot::bootWeb(Object(Config\Paths))
CRITICAL - 2026-10-04 03:14:48 --> ErrorException: Trying to access array offset on value of type null
[Method: GET, Route: buscar/1007928191909]
in APPPATH\Views\form_modificar_region.php on line 17.
 1 APPPATH\Views\form_modificar_region.php(17): CodeIgniter\Debug\Exceptions->errorHandler(2, 'Trying to access array offset on value of type null', 'C:\\xampp\\htdocs\\proyectos2026\\app\\Views\\form_modificar_region.php', 17)
 2 SYSTEMPATH\View\View.php(240): include('C:\\xampp\\htdocs\\proyectos2026\\app\\Views\\form_modificar_region.php')
 3 SYSTEMPATH\View\View.php(243): CodeIgniter\View\View->CodeIgniter\View\{closure}()
 4 SYSTEMPATH\Common.php(1268): CodeIgniter\View\View->render('form_modificar_region', [], true)
 5 APPPATH\Controllers\RegionesController.php(42): view('form_modificar_region', [...])
 6 SYSTEMPATH\CodeIgniter.php(974): App\Controllers\RegionesController->buscar('1007928191909')
 7 SYSTEMPATH\CodeIgniter.php(520): CodeIgniter\CodeIgniter->runController(Object(App\Controllers\RegionesController))
 8 SYSTEMPATH\CodeIgniter.php(363): CodeIgniter\CodeIgniter->handleRequest(null, Object(Config\Cache), false)
 9 SYSTEMPATH\Boot.php(417): CodeIgniter\CodeIgniter->run()
10 SYSTEMPATH\Boot.php(68): CodeIgniter\Boot::runCodeIgniter(Object(CodeIgniter\CodeIgniter))
11 FCPATH\index.php(59): CodeIgniter\Boot::bootWeb(Object(Config\Paths))
CRITICAL - 2026-10-04 03:14:49 --> ErrorException: Trying to access array offset on value of type null
[Method: GET, Route: buscar/1007928191909]
in APPPATH\Views\form_modificar_region.php on line 17.
 1 APPPATH\Views\form_modificar_region.php(17): CodeIgniter\Debug\Exceptions->errorHandler(2, 'Trying to access array offset on value of type null', 'C:\\xampp\\htdocs\\proyectos2026\\app\\Views\\form_modificar_region.php', 17)
 2 SYSTEMPATH\View\View.php(240): include('C:\\xampp\\htdocs\\proyectos2026\\app\\Views\\form_modificar_region.php')
 3 SYSTEMPATH\View\View.php(243): CodeIgniter\View\View->CodeIgniter\View\{closure}()
 4 SYSTEMPATH\Common.php(1268): CodeIgniter\View\View->render('form_modificar_region', [], true)
 5 APPPATH\Controllers\RegionesController.php(42): view('form_modificar_region', [...])
 6 SYSTEMPATH\CodeIgniter.php(974): App\Controllers\RegionesController->buscar('1007928191909')
 7 SYSTEMPATH\CodeIgniter.php(520): CodeIgniter\CodeIgniter->runController(Object(App\Controllers\RegionesController))
 8 SYSTEMPATH\CodeIgniter.php(363): CodeIgniter\CodeIgniter->handleRequest(null, Object(Config\Cache), false)
 9 SYSTEMPATH\Boot.php(417): CodeIgniter\CodeIgniter->run()
10 SYSTEMPATH\Boot.php(68): CodeIgniter\Boot::runCodeIgniter(Object(CodeIgniter\CodeIgniter))
11 FCPATH\index.php(59): CodeIgniter\Boot::bootWeb(Object(Config\Paths))
CRITICAL - 2026-10-04 03:14:49 --> ErrorException: Trying to access array offset on value of type null
[Method: GET, Route: buscar/1007928191909]
in APPPATH\Views\form_modificar_region.php on line 17.
 1 APPPATH\Views\form_modificar_region.php(17): CodeIgniter\Debug\Exceptions->errorHandler(2, 'Trying to access array offset on value of type null', 'C:\\xampp\\htdocs\\proyectos2026\\app\\Views\\form_modificar_region.php', 17)
 2 SYSTEMPATH\View\View.php(240): include('C:\\xampp\\htdocs\\proyectos2026\\app\\Views\\form_modificar_region.php')
 3 SYSTEMPATH\View\View.php(243): CodeIgniter\View\View->CodeIgniter\View\{closure}()
 4 SYSTEMPATH\Common.php(1268): CodeIgniter\View\View->render('form_modificar_region', [], true)
 5 APPPATH\Controllers\RegionesController.php(42): view('form_modificar_region', [...])
 6 SYSTEMPATH\CodeIgniter.php(974): App\Controllers\RegionesController->buscar('1007928191909')
 7 SYSTEMPATH\CodeIgniter.php(520): CodeIgniter\CodeIgniter->runController(Object(App\Controllers\RegionesController))
 8 SYSTEMPATH\CodeIgniter.php(363): CodeIgniter\CodeIgniter->handleRequest(null, Object(Config\Cache), false)
 9 SYSTEMPATH\Boot.php(417): CodeIgniter\CodeIgniter->run()
10 SYSTEMPATH\Boot.php(68): CodeIgniter\Boot::runCodeIgniter(Object(CodeIgniter\CodeIgniter))
11 FCPATH\index.php(59): CodeIgniter\Boot::bootWeb(Object(Config\Paths))
CRITICAL - 2026-10-04 03:14:50 --> ErrorException: Trying to access array offset on value of type null
[Method: GET, Route: buscar/1007928191909]
in APPPATH\Views\form_modificar_region.php on line 17.
 1 APPPATH\Views\form_modificar_region.php(17): CodeIgniter\Debug\Exceptions->errorHandler(2, 'Trying to access array offset on value of type null', 'C:\\xampp\\htdocs\\proyectos2026\\app\\Views\\form_modificar_region.php', 17)
 2 SYSTEMPATH\View\View.php(240): include('C:\\xampp\\htdocs\\proyectos2026\\app\\Views\\form_modificar_region.php')
 3 SYSTEMPATH\View\View.php(243): CodeIgniter\View\View->CodeIgniter\View\{closure}()
 4 SYSTEMPATH\Common.php(1268): CodeIgniter\View\View->render('form_modificar_region', [], true)
 5 APPPATH\Controllers\RegionesController.php(42): view('form_modificar_region', [...])
 6 SYSTEMPATH\CodeIgniter.php(974): App\Controllers\RegionesController->buscar('1007928191909')
 7 SYSTEMPATH\CodeIgniter.php(520): CodeIgniter\CodeIgniter->runController(Object(App\Controllers\RegionesController))
 8 SYSTEMPATH\CodeIgniter.php(363): CodeIgniter\CodeIgniter->handleRequest(null, Object(Config\Cache), false)
 9 SYSTEMPATH\Boot.php(417): CodeIgniter\CodeIgniter->run()
10 SYSTEMPATH\Boot.php(68): CodeIgniter\Boot::runCodeIgniter(Object(CodeIgniter\CodeIgniter))
11 FCPATH\index.php(59): CodeIgniter\Boot::bootWeb(Object(Config\Paths))
CRITICAL - 2026-10-04 03:14:50 --> ErrorException: Trying to access array offset on value of type null
[Method: GET, Route: buscar/1007928191909]
in APPPATH\Views\form_modificar_region.php on line 17.
 1 APPPATH\Views\form_modificar_region.php(17): CodeIgniter\Debug\Exceptions->errorHandler(2, 'Trying to access array offset on value of type null', 'C:\\xampp\\htdocs\\proyectos2026\\app\\Views\\form_modificar_region.php', 17)
 2 SYSTEMPATH\View\View.php(240): include('C:\\xampp\\htdocs\\proyectos2026\\app\\Views\\form_modificar_region.php')
 3 SYSTEMPATH\View\View.php(243): CodeIgniter\View\View->CodeIgniter\View\{closure}()
 4 SYSTEMPATH\Common.php(1268): CodeIgniter\View\View->render('form_modificar_region', [], true)
 5 APPPATH\Controllers\RegionesController.php(42): view('form_modificar_region', [...])
 6 SYSTEMPATH\CodeIgniter.php(974): App\Controllers\RegionesController->buscar('1007928191909')
 7 SYSTEMPATH\CodeIgniter.php(520): CodeIgniter\CodeIgniter->runController(Object(App\Controllers\RegionesController))
 8 SYSTEMPATH\CodeIgniter.php(363): CodeIgniter\CodeIgniter->handleRequest(null, Object(Config\Cache), false)
 9 SYSTEMPATH\Boot.php(417): CodeIgniter\CodeIgniter->run()
10 SYSTEMPATH\Boot.php(68): CodeIgniter\Boot::runCodeIgniter(Object(CodeIgniter\CodeIgniter))
11 FCPATH\index.php(59): CodeIgniter\Boot::bootWeb(Object(Config\Paths))
CRITICAL - 2026-10-04 03:15:01 --> ErrorException: Trying to access array offset on value of type null
[Method: GET, Route: buscar/1007928191909]
in APPPATH\Views\form_modificar_region.php on line 17.
 1 APPPATH\Views\form_modificar_region.php(17): CodeIgniter\Debug\Exceptions->errorHandler(2, 'Trying to access array offset on value of type null', 'C:\\xampp\\htdocs\\proyectos2026\\app\\Views\\form_modificar_region.php', 17)
 2 SYSTEMPATH\View\View.php(240): include('C:\\xampp\\htdocs\\proyectos2026\\app\\Views\\form_modificar_region.php')
 3 SYSTEMPATH\View\View.php(243): CodeIgniter\View\View->CodeIgniter\View\{closure}()
 4 SYSTEMPATH\Common.php(1268): CodeIgniter\View\View->render('form_modificar_region', [], true)
 5 APPPATH\Controllers\RegionesController.php(42): view('form_modificar_region', [...])
 6 SYSTEMPATH\CodeIgniter.php(974): App\Controllers\RegionesController->buscar('1007928191909')
 7 SYSTEMPATH\CodeIgniter.php(520): CodeIgniter\CodeIgniter->runController(Object(App\Controllers\RegionesController))
 8 SYSTEMPATH\CodeIgniter.php(363): CodeIgniter\CodeIgniter->handleRequest(null, Object(Config\Cache), false)
 9 SYSTEMPATH\Boot.php(417): CodeIgniter\CodeIgniter->run()
10 SYSTEMPATH\Boot.php(68): CodeIgniter\Boot::runCodeIgniter(Object(CodeIgniter\CodeIgniter))
11 FCPATH\index.php(59): CodeIgniter\Boot::bootWeb(Object(Config\Paths))
CRITICAL - 2026-10-04 03:16:05 --> ErrorException: Trying to access array offset on value of type null
[Method: GET, Route: buscar/1007928191909]
in APPPATH\Views\form_modificar_region.php on line 17.
 1 APPPATH\Views\form_modificar_region.php(17): CodeIgniter\Debug\Exceptions->errorHandler(2, 'Trying to access array offset on value of type null', 'C:\\xampp\\htdocs\\proyectos2026\\app\\Views\\form_modificar_region.php', 17)
 2 SYSTEMPATH\View\View.php(240): include('C:\\xampp\\htdocs\\proyectos2026\\app\\Views\\form_modificar_region.php')
 3 SYSTEMPATH\View\View.php(243): CodeIgniter\View\View->CodeIgniter\View\{closure}()
 4 SYSTEMPATH\Common.php(1268): CodeIgniter\View\View->render('form_modificar_region', [], true)
 5 APPPATH\Controllers\RegionesController.php(42): view('form_modificar_region', [...])
 6 SYSTEMPATH\CodeIgniter.php(974): App\Controllers\RegionesController->buscar('1007928191909')
 7 SYSTEMPATH\CodeIgniter.php(520): CodeIgniter\CodeIgniter->runController(Object(App\Controllers\RegionesController))
 8 SYSTEMPATH\CodeIgniter.php(363): CodeIgniter\CodeIgniter->handleRequest(null, Object(Config\Cache), false)
 9 SYSTEMPATH\Boot.php(417): CodeIgniter\CodeIgniter->run()
10 SYSTEMPATH\Boot.php(68): CodeIgniter\Boot::runCodeIgniter(Object(CodeIgniter\CodeIgniter))
11 FCPATH\index.php(59): CodeIgniter\Boot::bootWeb(Object(Config\Paths))
CRITICAL - 2026-10-04 03:16:06 --> ErrorException: Trying to access array offset on value of type null
[Method: GET, Route: buscar/1007928191909]
in APPPATH\Views\form_modificar_region.php on line 17.
 1 APPPATH\Views\form_modificar_region.php(17): CodeIgniter\Debug\Exceptions->errorHandler(2, 'Trying to access array offset on value of type null', 'C:\\xampp\\htdocs\\proyectos2026\\app\\Views\\form_modificar_region.php', 17)
 2 SYSTEMPATH\View\View.php(240): include('C:\\xampp\\htdocs\\proyectos2026\\app\\Views\\form_modificar_region.php')
 3 SYSTEMPATH\View\View.php(243): CodeIgniter\View\View->CodeIgniter\View\{closure}()
 4 SYSTEMPATH\Common.php(1268): CodeIgniter\View\View->render('form_modificar_region', [], true)
 5 APPPATH\Controllers\RegionesController.php(42): view('form_modificar_region', [...])
 6 SYSTEMPATH\CodeIgniter.php(974): App\Controllers\RegionesController->buscar('1007928191909')
 7 SYSTEMPATH\CodeIgniter.php(520): CodeIgniter\CodeIgniter->runController(Object(App\Controllers\RegionesController))
 8 SYSTEMPATH\CodeIgniter.php(363): CodeIgniter\CodeIgniter->handleRequest(null, Object(Config\Cache), false)
 9 SYSTEMPATH\Boot.php(417): CodeIgniter\CodeIgniter->run()
10 SYSTEMPATH\Boot.php(68): CodeIgniter\Boot::runCodeIgniter(Object(CodeIgniter\CodeIgniter))
11 FCPATH\index.php(59): CodeIgniter\Boot::bootWeb(Object(Config\Paths))
CRITICAL - 2026-10-04 03:18:58 --> ErrorException: Trying to access array offset on value of type null
[Method: GET, Route: buscar/1007928191909]
in APPPATH\Views\form_modificar_region.php on line 17.
 1 APPPATH\Views\form_modificar_region.php(17): CodeIgniter\Debug\Exceptions->errorHandler(2, 'Trying to access array offset on value of type null', 'C:\\xampp\\htdocs\\proyectos2026\\app\\Views\\form_modificar_region.php', 17)
 2 SYSTEMPATH\View\View.php(240): include('C:\\xampp\\htdocs\\proyectos2026\\app\\Views\\form_modificar_region.php')
 3 SYSTEMPATH\View\View.php(243): CodeIgniter\View\View->CodeIgniter\View\{closure}()
 4 SYSTEMPATH\Common.php(1268): CodeIgniter\View\View->render('form_modificar_region', [], true)
 5 APPPATH\Controllers\RegionesController.php(42): view('form_modificar_region', [...])
 6 SYSTEMPATH\CodeIgniter.php(974): App\Controllers\RegionesController->buscar('1007928191909')
 7 SYSTEMPATH\CodeIgniter.php(520): CodeIgniter\CodeIgniter->runController(Object(App\Controllers\RegionesController))
 8 SYSTEMPATH\CodeIgniter.php(363): CodeIgniter\CodeIgniter->handleRequest(null, Object(Config\Cache), false)
 9 SYSTEMPATH\Boot.php(417): CodeIgniter\CodeIgniter->run()
10 SYSTEMPATH\Boot.php(68): CodeIgniter\Boot::runCodeIgniter(Object(CodeIgniter\CodeIgniter))
11 FCPATH\index.php(59): CodeIgniter\Boot::bootWeb(Object(Config\Paths))
CRITICAL - 2026-10-04 03:22:42 --> ErrorException: Trying to access array offset on value of type null
[Method: GET, Route: buscar/1007928191909]
in APPPATH\Views\form_modificar_region.php on line 17.
 1 APPPATH\Views\form_modificar_region.php(17): CodeIgniter\Debug\Exceptions->errorHandler(2, 'Trying to access array offset on value of type null', 'C:\\xampp\\htdocs\\proyectos2026\\app\\Views\\form_modificar_region.php', 17)
 2 SYSTEMPATH\View\View.php(240): include('C:\\xampp\\htdocs\\proyectos2026\\app\\Views\\form_modificar_region.php')
 3 SYSTEMPATH\View\View.php(243): CodeIgniter\View\View->CodeIgniter\View\{closure}()
 4 SYSTEMPATH\Common.php(1268): CodeIgniter\View\View->render('form_modificar_region', [], true)
 5 APPPATH\Controllers\RegionesController.php(42): view('form_modificar_region', [...])
 6 SYSTEMPATH\CodeIgniter.php(974): App\Controllers\RegionesController->buscar('1007928191909')
 7 SYSTEMPATH\CodeIgniter.php(520): CodeIgniter\CodeIgniter->runController(Object(App\Controllers\RegionesController))
 8 SYSTEMPATH\CodeIgniter.php(363): CodeIgniter\CodeIgniter->handleRequest(null, Object(Config\Cache), false)
 9 SYSTEMPATH\Boot.php(417): CodeIgniter\CodeIgniter->run()
10 SYSTEMPATH\Boot.php(68): CodeIgniter\Boot::runCodeIgniter(Object(CodeIgniter\CodeIgniter))
11 FCPATH\index.php(59): CodeIgniter\Boot::bootWeb(Object(Config\Paths))
CRITICAL - 2026-10-04 03:22:43 --> ErrorException: Trying to access array offset on value of type null
[Method: GET, Route: buscar/1007928191909]
in APPPATH\Views\form_modificar_region.php on line 17.
 1 APPPATH\Views\form_modificar_region.php(17): CodeIgniter\Debug\Exceptions->errorHandler(2, 'Trying to access array offset on value of type null', 'C:\\xampp\\htdocs\\proyectos2026\\app\\Views\\form_modificar_region.php', 17)
 2 SYSTEMPATH\View\View.php(240): include('C:\\xampp\\htdocs\\proyectos2026\\app\\Views\\form_modificar_region.php')
 3 SYSTEMPATH\View\View.php(243): CodeIgniter\View\View->CodeIgniter\View\{closure}()
 4 SYSTEMPATH\Common.php(1268): CodeIgniter\View\View->render('form_modificar_region', [], true)
 5 APPPATH\Controllers\RegionesController.php(42): view('form_modificar_region', [...])
 6 SYSTEMPATH\CodeIgniter.php(974): App\Controllers\RegionesController->buscar('1007928191909')
 7 SYSTEMPATH\CodeIgniter.php(520): CodeIgniter\CodeIgniter->runController(Object(App\Controllers\RegionesController))
 8 SYSTEMPATH\CodeIgniter.php(363): CodeIgniter\CodeIgniter->handleRequest(null, Object(Config\Cache), false)
 9 SYSTEMPATH\Boot.php(417): CodeIgniter\CodeIgniter->run()
10 SYSTEMPATH\Boot.php(68): CodeIgniter\Boot::runCodeIgniter(Object(CodeIgniter\CodeIgniter))
11 FCPATH\index.php(59): CodeIgniter\Boot::bootWeb(Object(Config\Paths))
CRITICAL - 2026-10-04 03:22:45 --> ErrorException: Trying to access array offset on value of type null
[Method: GET, Route: buscar/1007928191909]
in APPPATH\Views\form_modificar_region.php on line 17.
 1 APPPATH\Views\form_modificar_region.php(17): CodeIgniter\Debug\Exceptions->errorHandler(2, 'Trying to access array offset on value of type null', 'C:\\xampp\\htdocs\\proyectos2026\\app\\Views\\form_modificar_region.php', 17)
 2 SYSTEMPATH\View\View.php(240): include('C:\\xampp\\htdocs\\proyectos2026\\app\\Views\\form_modificar_region.php')
 3 SYSTEMPATH\View\View.php(243): CodeIgniter\View\View->CodeIgniter\View\{closure}()
 4 SYSTEMPATH\Common.php(1268): CodeIgniter\View\View->render('form_modificar_region', [], true)
 5 APPPATH\Controllers\RegionesController.php(42): view('form_modificar_region', [...])
 6 SYSTEMPATH\CodeIgniter.php(974): App\Controllers\RegionesController->buscar('1007928191909')
 7 SYSTEMPATH\CodeIgniter.php(520): CodeIgniter\CodeIgniter->runController(Object(App\Controllers\RegionesController))
 8 SYSTEMPATH\CodeIgniter.php(363): CodeIgniter\CodeIgniter->handleRequest(null, Object(Config\Cache), false)
 9 SYSTEMPATH\Boot.php(417): CodeIgniter\CodeIgniter->run()
10 SYSTEMPATH\Boot.php(68): CodeIgniter\Boot::runCodeIgniter(Object(CodeIgniter\CodeIgniter))
11 FCPATH\index.php(59): CodeIgniter\Boot::bootWeb(Object(Config\Paths))
CRITICAL - 2026-10-04 03:22:57 --> ErrorException: Trying to access array offset on value of type null
[Method: GET, Route: buscar/1007928191909]
in APPPATH\Views\form_modificar_region.php on line 17.
 1 APPPATH\Views\form_modificar_region.php(17): CodeIgniter\Debug\Exceptions->errorHandler(2, 'Trying to access array offset on value of type null', 'C:\\xampp\\htdocs\\proyectos2026\\app\\Views\\form_modificar_region.php', 17)
 2 SYSTEMPATH\View\View.php(240): include('C:\\xampp\\htdocs\\proyectos2026\\app\\Views\\form_modificar_region.php')
 3 SYSTEMPATH\View\View.php(243): CodeIgniter\View\View->CodeIgniter\View\{closure}()
 4 SYSTEMPATH\Common.php(1268): CodeIgniter\View\View->render('form_modificar_region', [], true)
 5 APPPATH\Controllers\RegionesController.php(42): view('form_modificar_region', [...])
 6 SYSTEMPATH\CodeIgniter.php(974): App\Controllers\RegionesController->buscar('1007928191909')
 7 SYSTEMPATH\CodeIgniter.php(520): CodeIgniter\CodeIgniter->runController(Object(App\Controllers\RegionesController))
 8 SYSTEMPATH\CodeIgniter.php(363): CodeIgniter\CodeIgniter->handleRequest(null, Object(Config\Cache), false)
 9 SYSTEMPATH\Boot.php(417): CodeIgniter\CodeIgniter->run()
10 SYSTEMPATH\Boot.php(68): CodeIgniter\Boot::runCodeIgniter(Object(CodeIgniter\CodeIgniter))
11 FCPATH\index.php(59): CodeIgniter\Boot::bootWeb(Object(Config\Paths))
CRITICAL - 2026-10-04 03:23:29 --> ErrorException: Trying to access array offset on value of type null
[Method: GET, Route: buscar/1007928191909]
in APPPATH\Views\form_modificar_region.php on line 17.
 1 APPPATH\Views\form_modificar_region.php(17): CodeIgniter\Debug\Exceptions->errorHandler(2, 'Trying to access array offset on value of type null', 'C:\\xampp\\htdocs\\proyectos2026\\app\\Views\\form_modificar_region.php', 17)
 2 SYSTEMPATH\View\View.php(240): include('C:\\xampp\\htdocs\\proyectos2026\\app\\Views\\form_modificar_region.php')
 3 SYSTEMPATH\View\View.php(243): CodeIgniter\View\View->CodeIgniter\View\{closure}()
 4 SYSTEMPATH\Common.php(1268): CodeIgniter\View\View->render('form_modificar_region', [], true)
 5 APPPATH\Controllers\RegionesController.php(42): view('form_modificar_region', [...])
 6 SYSTEMPATH\CodeIgniter.php(974): App\Controllers\RegionesController->buscar('1007928191909')
 7 SYSTEMPATH\CodeIgniter.php(520): CodeIgniter\CodeIgniter->runController(Object(App\Controllers\RegionesController))
 8 SYSTEMPATH\CodeIgniter.php(363): CodeIgniter\CodeIgniter->handleRequest(null, Object(Config\Cache), false)
 9 SYSTEMPATH\Boot.php(417): CodeIgniter\CodeIgniter->run()
10 SYSTEMPATH\Boot.php(68): CodeIgniter\Boot::runCodeIgniter(Object(CodeIgniter\CodeIgniter))
11 FCPATH\index.php(59): CodeIgniter\Boot::bootWeb(Object(Config\Paths))
CRITICAL - 2026-10-04 03:24:48 --> ErrorException: Trying to access array offset on value of type null
[Method: GET, Route: buscar/1007928191909]
in APPPATH\Views\form_modificar_region.php on line 17.
 1 APPPATH\Views\form_modificar_region.php(17): CodeIgniter\Debug\Exceptions->errorHandler(2, 'Trying to access array offset on value of type null', 'C:\\xampp\\htdocs\\proyectos2026\\app\\Views\\form_modificar_region.php', 17)
 2 SYSTEMPATH\View\View.php(240): include('C:\\xampp\\htdocs\\proyectos2026\\app\\Views\\form_modificar_region.php')
 3 SYSTEMPATH\View\View.php(243): CodeIgniter\View\View->CodeIgniter\View\{closure}()
 4 SYSTEMPATH\Common.php(1268): CodeIgniter\View\View->render('form_modificar_region', [], true)
 5 APPPATH\Controllers\RegionesController.php(42): view('form_modificar_region', [...])
 6 SYSTEMPATH\CodeIgniter.php(974): App\Controllers\RegionesController->buscar('1007928191909')
 7 SYSTEMPATH\CodeIgniter.php(520): CodeIgniter\CodeIgniter->runController(Object(App\Controllers\RegionesController))
 8 SYSTEMPATH\CodeIgniter.php(363): CodeIgniter\CodeIgniter->handleRequest(null, Object(Config\Cache), false)
 9 SYSTEMPATH\Boot.php(417): CodeIgniter\CodeIgniter->run()
10 SYSTEMPATH\Boot.php(68): CodeIgniter\Boot::runCodeIgniter(Object(CodeIgniter\CodeIgniter))
11 FCPATH\index.php(59): CodeIgniter\Boot::bootWeb(Object(Config\Paths))
CRITICAL - 2026-10-04 03:24:49 --> ErrorException: Trying to access array offset on value of type null
[Method: GET, Route: buscar/1007928191909]
in APPPATH\Views\form_modificar_region.php on line 17.
 1 APPPATH\Views\form_modificar_region.php(17): CodeIgniter\Debug\Exceptions->errorHandler(2, 'Trying to access array offset on value of type null', 'C:\\xampp\\htdocs\\proyectos2026\\app\\Views\\form_modificar_region.php', 17)
 2 SYSTEMPATH\View\View.php(240): include('C:\\xampp\\htdocs\\proyectos2026\\app\\Views\\form_modificar_region.php')
 3 SYSTEMPATH\View\View.php(243): CodeIgniter\View\View->CodeIgniter\View\{closure}()
 4 SYSTEMPATH\Common.php(1268): CodeIgniter\View\View->render('form_modificar_region', [], true)
 5 APPPATH\Controllers\RegionesController.php(42): view('form_modificar_region', [...])
 6 SYSTEMPATH\CodeIgniter.php(974): App\Controllers\RegionesController->buscar('1007928191909')
 7 SYSTEMPATH\CodeIgniter.php(520): CodeIgniter\CodeIgniter->runController(Object(App\Controllers\RegionesController))
 8 SYSTEMPATH\CodeIgniter.php(363): CodeIgniter\CodeIgniter->handleRequest(null, Object(Config\Cache), false)
 9 SYSTEMPATH\Boot.php(417): CodeIgniter\CodeIgniter->run()
10 SYSTEMPATH\Boot.php(68): CodeIgniter\Boot::runCodeIgniter(Object(CodeIgniter\CodeIgniter))
11 FCPATH\index.php(59): CodeIgniter\Boot::bootWeb(Object(Config\Paths))
CRITICAL - 2026-10-04 03:24:49 --> ErrorException: Trying to access array offset on value of type null
[Method: GET, Route: buscar/1007928191909]
in APPPATH\Views\form_modificar_region.php on line 17.
 1 APPPATH\Views\form_modificar_region.php(17): CodeIgniter\Debug\Exceptions->errorHandler(2, 'Trying to access array offset on value of type null', 'C:\\xampp\\htdocs\\proyectos2026\\app\\Views\\form_modificar_region.php', 17)
 2 SYSTEMPATH\View\View.php(240): include('C:\\xampp\\htdocs\\proyectos2026\\app\\Views\\form_modificar_region.php')
 3 SYSTEMPATH\View\View.php(243): CodeIgniter\View\View->CodeIgniter\View\{closure}()
 4 SYSTEMPATH\Common.php(1268): CodeIgniter\View\View->render('form_modificar_region', [], true)
 5 APPPATH\Controllers\RegionesController.php(42): view('form_modificar_region', [...])
 6 SYSTEMPATH\CodeIgniter.php(974): App\Controllers\RegionesController->buscar('1007928191909')
 7 SYSTEMPATH\CodeIgniter.php(520): CodeIgniter\CodeIgniter->runController(Object(App\Controllers\RegionesController))
 8 SYSTEMPATH\CodeIgniter.php(363): CodeIgniter\CodeIgniter->handleRequest(null, Object(Config\Cache), false)
 9 SYSTEMPATH\Boot.php(417): CodeIgniter\CodeIgniter->run()
10 SYSTEMPATH\Boot.php(68): CodeIgniter\Boot::runCodeIgniter(Object(CodeIgniter\CodeIgniter))
11 FCPATH\index.php(59): CodeIgniter\Boot::bootWeb(Object(Config\Paths))
CRITICAL - 2026-10-04 03:24:50 --> ErrorException: Trying to access array offset on value of type null
[Method: GET, Route: buscar/1007928191909]
in APPPATH\Views\form_modificar_region.php on line 17.
 1 APPPATH\Views\form_modificar_region.php(17): CodeIgniter\Debug\Exceptions->errorHandler(2, 'Trying to access array offset on value of type null', 'C:\\xampp\\htdocs\\proyectos2026\\app\\Views\\form_modificar_region.php', 17)
 2 SYSTEMPATH\View\View.php(240): include('C:\\xampp\\htdocs\\proyectos2026\\app\\Views\\form_modificar_region.php')
 3 SYSTEMPATH\View\View.php(243): CodeIgniter\View\View->CodeIgniter\View\{closure}()
 4 SYSTEMPATH\Common.php(1268): CodeIgniter\View\View->render('form_modificar_region', [], true)
 5 APPPATH\Controllers\RegionesController.php(42): view('form_modificar_region', [...])
 6 SYSTEMPATH\CodeIgniter.php(974): App\Controllers\RegionesController->buscar('1007928191909')
 7 SYSTEMPATH\CodeIgniter.php(520): CodeIgniter\CodeIgniter->runController(Object(App\Controllers\RegionesController))
 8 SYSTEMPATH\CodeIgniter.php(363): CodeIgniter\CodeIgniter->handleRequest(null, Object(Config\Cache), false)
 9 SYSTEMPATH\Boot.php(417): CodeIgniter\CodeIgniter->run()
10 SYSTEMPATH\Boot.php(68): CodeIgniter\Boot::runCodeIgniter(Object(CodeIgniter\CodeIgniter))
11 FCPATH\index.php(59): CodeIgniter\Boot::bootWeb(Object(Config\Paths))
CRITICAL - 2026-10-04 03:24:50 --> ErrorException: Trying to access array offset on value of type null
[Method: GET, Route: buscar/1007928191909]
in APPPATH\Views\form_modificar_region.php on line 17.
 1 APPPATH\Views\form_modificar_region.php(17): CodeIgniter\Debug\Exceptions->errorHandler(2, 'Trying to access array offset on value of type null', 'C:\\xampp\\htdocs\\proyectos2026\\app\\Views\\form_modificar_region.php', 17)
 2 SYSTEMPATH\View\View.php(240): include('C:\\xampp\\htdocs\\proyectos2026\\app\\Views\\form_modificar_region.php')
 3 SYSTEMPATH\View\View.php(243): CodeIgniter\View\View->CodeIgniter\View\{closure}()
 4 SYSTEMPATH\Common.php(1268): CodeIgniter\View\View->render('form_modificar_region', [], true)
 5 APPPATH\Controllers\RegionesController.php(42): view('form_modificar_region', [...])
 6 SYSTEMPATH\CodeIgniter.php(974): App\Controllers\RegionesController->buscar('1007928191909')
 7 SYSTEMPATH\CodeIgniter.php(520): CodeIgniter\CodeIgniter->runController(Object(App\Controllers\RegionesController))
 8 SYSTEMPATH\CodeIgniter.php(363): CodeIgniter\CodeIgniter->handleRequest(null, Object(Config\Cache), false)
 9 SYSTEMPATH\Boot.php(417): CodeIgniter\CodeIgniter->run()
10 SYSTEMPATH\Boot.php(68): CodeIgniter\Boot::runCodeIgniter(Object(CodeIgniter\CodeIgniter))
11 FCPATH\index.php(59): CodeIgniter\Boot::bootWeb(Object(Config\Paths))
CRITICAL - 2026-10-04 03:27:01 --> ErrorException: Trying to access array offset on value of type null
[Method: GET, Route: buscar/1007928191909]
in APPPATH\Views\form_modificar_region.php on line 17.
 1 APPPATH\Views\form_modificar_region.php(17): CodeIgniter\Debug\Exceptions->errorHandler(2, 'Trying to access array offset on value of type null', 'C:\\xampp\\htdocs\\proyectos2026\\app\\Views\\form_modificar_region.php', 17)
 2 SYSTEMPATH\View\View.php(240): include('C:\\xampp\\htdocs\\proyectos2026\\app\\Views\\form_modificar_region.php')
 3 SYSTEMPATH\View\View.php(243): CodeIgniter\View\View->CodeIgniter\View\{closure}()
 4 SYSTEMPATH\Common.php(1268): CodeIgniter\View\View->render('form_modificar_region', [], true)
 5 APPPATH\Controllers\RegionesController.php(42): view('form_modificar_region', [...])
 6 SYSTEMPATH\CodeIgniter.php(974): App\Controllers\RegionesController->buscar('1007928191909')
 7 SYSTEMPATH\CodeIgniter.php(520): CodeIgniter\CodeIgniter->runController(Object(App\Controllers\RegionesController))
 8 SYSTEMPATH\CodeIgniter.php(363): CodeIgniter\CodeIgniter->handleRequest(null, Object(Config\Cache), false)
 9 SYSTEMPATH\Boot.php(417): CodeIgniter\CodeIgniter->run()
10 SYSTEMPATH\Boot.php(68): CodeIgniter\Boot::runCodeIgniter(Object(CodeIgniter\CodeIgniter))
11 FCPATH\index.php(59): CodeIgniter\Boot::bootWeb(Object(Config\Paths))
CRITICAL - 2026-10-04 03:27:02 --> ErrorException: Trying to access array offset on value of type null
[Method: GET, Route: buscar/1007928191909]
in APPPATH\Views\form_modificar_region.php on line 17.
 1 APPPATH\Views\form_modificar_region.php(17): CodeIgniter\Debug\Exceptions->errorHandler(2, 'Trying to access array offset on value of type null', 'C:\\xampp\\htdocs\\proyectos2026\\app\\Views\\form_modificar_region.php', 17)
 2 SYSTEMPATH\View\View.php(240): include('C:\\xampp\\htdocs\\proyectos2026\\app\\Views\\form_modificar_region.php')
 3 SYSTEMPATH\View\View.php(243): CodeIgniter\View\View->CodeIgniter\View\{closure}()
 4 SYSTEMPATH\Common.php(1268): CodeIgniter\View\View->render('form_modificar_region', [], true)
 5 APPPATH\Controllers\RegionesController.php(42): view('form_modificar_region', [...])
 6 SYSTEMPATH\CodeIgniter.php(974): App\Controllers\RegionesController->buscar('1007928191909')
 7 SYSTEMPATH\CodeIgniter.php(520): CodeIgniter\CodeIgniter->runController(Object(App\Controllers\RegionesController))
 8 SYSTEMPATH\CodeIgniter.php(363): CodeIgniter\CodeIgniter->handleRequest(null, Object(Config\Cache), false)
 9 SYSTEMPATH\Boot.php(417): CodeIgniter\CodeIgniter->run()
10 SYSTEMPATH\Boot.php(68): CodeIgniter\Boot::runCodeIgniter(Object(CodeIgniter\CodeIgniter))
11 FCPATH\index.php(59): CodeIgniter\Boot::bootWeb(Object(Config\Paths))
CRITICAL - 2026-10-04 03:27:02 --> ErrorException: Trying to access array offset on value of type null
[Method: GET, Route: buscar/1007928191909]
in APPPATH\Views\form_modificar_region.php on line 17.
 1 APPPATH\Views\form_modificar_region.php(17): CodeIgniter\Debug\Exceptions->errorHandler(2, 'Trying to access array offset on value of type null', 'C:\\xampp\\htdocs\\proyectos2026\\app\\Views\\form_modificar_region.php', 17)
 2 SYSTEMPATH\View\View.php(240): include('C:\\xampp\\htdocs\\proyectos2026\\app\\Views\\form_modificar_region.php')
 3 SYSTEMPATH\View\View.php(243): CodeIgniter\View\View->CodeIgniter\View\{closure}()
 4 SYSTEMPATH\Common.php(1268): CodeIgniter\View\View->render('form_modificar_region', [], true)
 5 APPPATH\Controllers\RegionesController.php(42): view('form_modificar_region', [...])
 6 SYSTEMPATH\CodeIgniter.php(974): App\Controllers\RegionesController->buscar('1007928191909')
 7 SYSTEMPATH\CodeIgniter.php(520): CodeIgniter\CodeIgniter->runController(Object(App\Controllers\RegionesController))
 8 SYSTEMPATH\CodeIgniter.php(363): CodeIgniter\CodeIgniter->handleRequest(null, Object(Config\Cache), false)
 9 SYSTEMPATH\Boot.php(417): CodeIgniter\CodeIgniter->run()
10 SYSTEMPATH\Boot.php(68): CodeIgniter\Boot::runCodeIgniter(Object(CodeIgniter\CodeIgniter))
11 FCPATH\index.php(59): CodeIgniter\Boot::bootWeb(Object(Config\Paths))
CRITICAL - 2026-10-04 03:27:03 --> ErrorException: Trying to access array offset on value of type null
[Method: GET, Route: buscar/1007928191909]
in APPPATH\Views\form_modificar_region.php on line 17.
 1 APPPATH\Views\form_modificar_region.php(17): CodeIgniter\Debug\Exceptions->errorHandler(2, 'Trying to access array offset on value of type null', 'C:\\xampp\\htdocs\\proyectos2026\\app\\Views\\form_modificar_region.php', 17)
 2 SYSTEMPATH\View\View.php(240): include('C:\\xampp\\htdocs\\proyectos2026\\app\\Views\\form_modificar_region.php')
 3 SYSTEMPATH\View\View.php(243): CodeIgniter\View\View->CodeIgniter\View\{closure}()
 4 SYSTEMPATH\Common.php(1268): CodeIgniter\View\View->render('form_modificar_region', [], true)
 5 APPPATH\Controllers\RegionesController.php(42): view('form_modificar_region', [...])
 6 SYSTEMPATH\CodeIgniter.php(974): App\Controllers\RegionesController->buscar('1007928191909')
 7 SYSTEMPATH\CodeIgniter.php(520): CodeIgniter\CodeIgniter->runController(Object(App\Controllers\RegionesController))
 8 SYSTEMPATH\CodeIgniter.php(363): CodeIgniter\CodeIgniter->handleRequest(null, Object(Config\Cache), false)
 9 SYSTEMPATH\Boot.php(417): CodeIgniter\CodeIgniter->run()
10 SYSTEMPATH\Boot.php(68): CodeIgniter\Boot::runCodeIgniter(Object(CodeIgniter\CodeIgniter))
11 FCPATH\index.php(59): CodeIgniter\Boot::bootWeb(Object(Config\Paths))
CRITICAL - 2026-10-04 03:27:03 --> ErrorException: Trying to access array offset on value of type null
[Method: GET, Route: buscar/1007928191909]
in APPPATH\Views\form_modificar_region.php on line 17.
 1 APPPATH\Views\form_modificar_region.php(17): CodeIgniter\Debug\Exceptions->errorHandler(2, 'Trying to access array offset on value of type null', 'C:\\xampp\\htdocs\\proyectos2026\\app\\Views\\form_modificar_region.php', 17)
 2 SYSTEMPATH\View\View.php(240): include('C:\\xampp\\htdocs\\proyectos2026\\app\\Views\\form_modificar_region.php')
 3 SYSTEMPATH\View\View.php(243): CodeIgniter\View\View->CodeIgniter\View\{closure}()
 4 SYSTEMPATH\Common.php(1268): CodeIgniter\View\View->render('form_modificar_region', [], true)
 5 APPPATH\Controllers\RegionesController.php(42): view('form_modificar_region', [...])
 6 SYSTEMPATH\CodeIgniter.php(974): App\Controllers\RegionesController->buscar('1007928191909')
 7 SYSTEMPATH\CodeIgniter.php(520): CodeIgniter\CodeIgniter->runController(Object(App\Controllers\RegionesController))
 8 SYSTEMPATH\CodeIgniter.php(363): CodeIgniter\CodeIgniter->handleRequest(null, Object(Config\Cache), false)
 9 SYSTEMPATH\Boot.php(417): CodeIgniter\CodeIgniter->run()
10 SYSTEMPATH\Boot.php(68): CodeIgniter\Boot::runCodeIgniter(Object(CodeIgniter\CodeIgniter))
11 FCPATH\index.php(59): CodeIgniter\Boot::bootWeb(Object(Config\Paths))
CRITICAL - 2026-10-04 03:27:08 --> ErrorException: Trying to access array offset on value of type null
[Method: GET, Route: buscar/1007928191909]
in APPPATH\Views\form_modificar_region.php on line 17.
 1 APPPATH\Views\form_modificar_region.php(17): CodeIgniter\Debug\Exceptions->errorHandler(2, 'Trying to access array offset on value of type null', 'C:\\xampp\\htdocs\\proyectos2026\\app\\Views\\form_modificar_region.php', 17)
 2 SYSTEMPATH\View\View.php(240): include('C:\\xampp\\htdocs\\proyectos2026\\app\\Views\\form_modificar_region.php')
 3 SYSTEMPATH\View\View.php(243): CodeIgniter\View\View->CodeIgniter\View\{closure}()
 4 SYSTEMPATH\Common.php(1268): CodeIgniter\View\View->render('form_modificar_region', [], true)
 5 APPPATH\Controllers\RegionesController.php(42): view('form_modificar_region', [...])
 6 SYSTEMPATH\CodeIgniter.php(974): App\Controllers\RegionesController->buscar('1007928191909')
 7 SYSTEMPATH\CodeIgniter.php(520): CodeIgniter\CodeIgniter->runController(Object(App\Controllers\RegionesController))
 8 SYSTEMPATH\CodeIgniter.php(363): CodeIgniter\CodeIgniter->handleRequest(null, Object(Config\Cache), false)
 9 SYSTEMPATH\Boot.php(417): CodeIgniter\CodeIgniter->run()
10 SYSTEMPATH\Boot.php(68): CodeIgniter\Boot::runCodeIgniter(Object(CodeIgniter\CodeIgniter))
11 FCPATH\index.php(59): CodeIgniter\Boot::bootWeb(Object(Config\Paths))
CRITICAL - 2026-10-04 03:27:22 --> ErrorException: Trying to access array offset on value of type null
[Method: GET, Route: buscar/1007928191909]
in APPPATH\Views\form_modificar_region.php on line 17.
 1 APPPATH\Views\form_modificar_region.php(17): CodeIgniter\Debug\Exceptions->errorHandler(2, 'Trying to access array offset on value of type null', 'C:\\xampp\\htdocs\\proyectos2026\\app\\Views\\form_modificar_region.php', 17)
 2 SYSTEMPATH\View\View.php(240): include('C:\\xampp\\htdocs\\proyectos2026\\app\\Views\\form_modificar_region.php')
 3 SYSTEMPATH\View\View.php(243): CodeIgniter\View\View->CodeIgniter\View\{closure}()
 4 SYSTEMPATH\Common.php(1268): CodeIgniter\View\View->render('form_modificar_region', [], true)
 5 APPPATH\Controllers\RegionesController.php(42): view('form_modificar_region', [...])
 6 SYSTEMPATH\CodeIgniter.php(974): App\Controllers\RegionesController->buscar('1007928191909')
 7 SYSTEMPATH\CodeIgniter.php(520): CodeIgniter\CodeIgniter->runController(Object(App\Controllers\RegionesController))
 8 SYSTEMPATH\CodeIgniter.php(363): CodeIgniter\CodeIgniter->handleRequest(null, Object(Config\Cache), false)
 9 SYSTEMPATH\Boot.php(417): CodeIgniter\CodeIgniter->run()
10 SYSTEMPATH\Boot.php(68): CodeIgniter\Boot::runCodeIgniter(Object(CodeIgniter\CodeIgniter))
11 FCPATH\index.php(59): CodeIgniter\Boot::bootWeb(Object(Config\Paths))
CRITICAL - 2026-10-04 03:42:24 --> ErrorException: Trying to access array offset on value of type null
[Method: GET, Route: buscar/1007928191909]
in APPPATH\Views\form_modificar_region.php on line 17.
 1 APPPATH\Views\form_modificar_region.php(17): CodeIgniter\Debug\Exceptions->errorHandler(2, 'Trying to access array offset on value of type null', 'C:\\xampp\\htdocs\\proyectos2026\\app\\Views\\form_modificar_region.php', 17)
 2 SYSTEMPATH\View\View.php(240): include('C:\\xampp\\htdocs\\proyectos2026\\app\\Views\\form_modificar_region.php')
 3 SYSTEMPATH\View\View.php(243): CodeIgniter\View\View->CodeIgniter\View\{closure}()
 4 SYSTEMPATH\Common.php(1268): CodeIgniter\View\View->render('form_modificar_region', [], true)
 5 APPPATH\Controllers\RegionesController.php(42): view('form_modificar_region', [...])
 6 SYSTEMPATH\CodeIgniter.php(974): App\Controllers\RegionesController->buscar('1007928191909')
 7 SYSTEMPATH\CodeIgniter.php(520): CodeIgniter\CodeIgniter->runController(Object(App\Controllers\RegionesController))
 8 SYSTEMPATH\CodeIgniter.php(363): CodeIgniter\CodeIgniter->handleRequest(null, Object(Config\Cache), false)
 9 SYSTEMPATH\Boot.php(417): CodeIgniter\CodeIgniter->run()
10 SYSTEMPATH\Boot.php(68): CodeIgniter\Boot::runCodeIgniter(Object(CodeIgniter\CodeIgniter))
11 FCPATH\index.php(59): CodeIgniter\Boot::bootWeb(Object(Config\Paths))
CRITICAL - 2026-10-04 03:42:43 --> ErrorException: Trying to access array offset on value of type null
[Method: GET, Route: buscar/1007928191909]
in APPPATH\Views\form_modificar_region.php on line 17.
 1 APPPATH\Views\form_modificar_region.php(17): CodeIgniter\Debug\Exceptions->errorHandler(2, 'Trying to access array offset on value of type null', 'C:\\xampp\\htdocs\\proyectos2026\\app\\Views\\form_modificar_region.php', 17)
 2 SYSTEMPATH\View\View.php(240): include('C:\\xampp\\htdocs\\proyectos2026\\app\\Views\\form_modificar_region.php')
 3 SYSTEMPATH\View\View.php(243): CodeIgniter\View\View->CodeIgniter\View\{closure}()
 4 SYSTEMPATH\Common.php(1268): CodeIgniter\View\View->render('form_modificar_region', [], true)
 5 APPPATH\Controllers\RegionesController.php(42): view('form_modificar_region', [...])
 6 SYSTEMPATH\CodeIgniter.php(974): App\Controllers\RegionesController->buscar('1007928191909')
 7 SYSTEMPATH\CodeIgniter.php(520): CodeIgniter\CodeIgniter->runController(Object(App\Controllers\RegionesController))
 8 SYSTEMPATH\CodeIgniter.php(363): CodeIgniter\CodeIgniter->handleRequest(null, Object(Config\Cache), false)
 9 SYSTEMPATH\Boot.php(417): CodeIgniter\CodeIgniter->run()
10 SYSTEMPATH\Boot.php(68): CodeIgniter\Boot::runCodeIgniter(Object(CodeIgniter\CodeIgniter))
11 FCPATH\index.php(59): CodeIgniter\Boot::bootWeb(Object(Config\Paths))
CRITICAL - 2026-10-04 03:54:01 --> ErrorException: Trying to access array offset on value of type null
[Method: GET, Route: buscar/1007928191909]
in APPPATH\Views\form_modificar_region.php on line 17.
 1 APPPATH\Views\form_modificar_region.php(17): CodeIgniter\Debug\Exceptions->errorHandler(2, 'Trying to access array offset on value of type null', 'C:\\xampp\\htdocs\\proyectos2026\\app\\Views\\form_modificar_region.php', 17)
 2 SYSTEMPATH\View\View.php(240): include('C:\\xampp\\htdocs\\proyectos2026\\app\\Views\\form_modificar_region.php')
 3 SYSTEMPATH\View\View.php(243): CodeIgniter\View\View->CodeIgniter\View\{closure}()
 4 SYSTEMPATH\Common.php(1268): CodeIgniter\View\View->render('form_modificar_region', [], true)
 5 APPPATH\Controllers\RegionesController.php(42): view('form_modificar_region', [...])
 6 SYSTEMPATH\CodeIgniter.php(974): App\Controllers\RegionesController->buscar('1007928191909')
 7 SYSTEMPATH\CodeIgniter.php(520): CodeIgniter\CodeIgniter->runController(Object(App\Controllers\RegionesController))
 8 SYSTEMPATH\CodeIgniter.php(363): CodeIgniter\CodeIgniter->handleRequest(null, Object(Config\Cache), false)
 9 SYSTEMPATH\Boot.php(417): CodeIgniter\CodeIgniter->run()
10 SYSTEMPATH\Boot.php(68): CodeIgniter\Boot::runCodeIgniter(Object(CodeIgniter\CodeIgniter))
11 FCPATH\index.php(59): CodeIgniter\Boot::bootWeb(Object(Config\Paths))
CRITICAL - 2026-10-04 03:54:04 --> ErrorException: Trying to access array offset on value of type null
[Method: GET, Route: buscar/1007928191909]
in APPPATH\Views\form_modificar_region.php on line 17.
 1 APPPATH\Views\form_modificar_region.php(17): CodeIgniter\Debug\Exceptions->errorHandler(2, 'Trying to access array offset on value of type null', 'C:\\xampp\\htdocs\\proyectos2026\\app\\Views\\form_modificar_region.php', 17)
 2 SYSTEMPATH\View\View.php(240): include('C:\\xampp\\htdocs\\proyectos2026\\app\\Views\\form_modificar_region.php')
 3 SYSTEMPATH\View\View.php(243): CodeIgniter\View\View->CodeIgniter\View\{closure}()
 4 SYSTEMPATH\Common.php(1268): CodeIgniter\View\View->render('form_modificar_region', [], true)
 5 APPPATH\Controllers\RegionesController.php(42): view('form_modificar_region', [...])
 6 SYSTEMPATH\CodeIgniter.php(974): App\Controllers\RegionesController->buscar('1007928191909')
 7 SYSTEMPATH\CodeIgniter.php(520): CodeIgniter\CodeIgniter->runController(Object(App\Controllers\RegionesController))
 8 SYSTEMPATH\CodeIgniter.php(363): CodeIgniter\CodeIgniter->handleRequest(null, Object(Config\Cache), false)
 9 SYSTEMPATH\Boot.php(417): CodeIgniter\CodeIgniter->run()
10 SYSTEMPATH\Boot.php(68): CodeIgniter\Boot::runCodeIgniter(Object(CodeIgniter\CodeIgniter))
11 FCPATH\index.php(59): CodeIgniter\Boot::bootWeb(Object(Config\Paths))
CRITICAL - 2026-10-04 03:54:07 --> ErrorException: Undefined array key "dpi"
[Method: GET, Route: ciudadanos]
in APPPATH\Views\ciudadanos.php on line 33.
 1 APPPATH\Views\ciudadanos.php(33): CodeIgniter\Debug\Exceptions->errorHandler(2, 'Undefined array key "dpi"', 'C:\\xampp\\htdocs\\proyectos2026\\app\\Views\\ciudadanos.php', 33)
 2 SYSTEMPATH\View\View.php(240): include('C:\\xampp\\htdocs\\proyectos2026\\app\\Views\\ciudadanos.php')
 3 SYSTEMPATH\View\View.php(243): CodeIgniter\View\View->CodeIgniter\View\{closure}()
 4 SYSTEMPATH\Common.php(1268): CodeIgniter\View\View->render('ciudadanos', [], true)
 5 APPPATH\Controllers\CiudadanosController.php(14): view('ciudadanos', [...])
 6 SYSTEMPATH\CodeIgniter.php(974): App\Controllers\CiudadanosController->index()
 7 SYSTEMPATH\CodeIgniter.php(520): CodeIgniter\CodeIgniter->runController(Object(App\Controllers\CiudadanosController))
 8 SYSTEMPATH\CodeIgniter.php(363): CodeIgniter\CodeIgniter->handleRequest(null, Object(Config\Cache), false)
 9 SYSTEMPATH\Boot.php(417): CodeIgniter\CodeIgniter->run()
10 SYSTEMPATH\Boot.php(68): CodeIgniter\Boot::runCodeIgniter(Object(CodeIgniter\CodeIgniter))
11 FCPATH\index.php(59): CodeIgniter\Boot::bootWeb(Object(Config\Paths))
CRITICAL - 2026-10-04 03:54:09 --> ErrorException: Undefined array key "dpi"
[Method: GET, Route: ciudadanos]
in APPPATH\Views\ciudadanos.php on line 33.
 1 APPPATH\Views\ciudadanos.php(33): CodeIgniter\Debug\Exceptions->errorHandler(2, 'Undefined array key "dpi"', 'C:\\xampp\\htdocs\\proyectos2026\\app\\Views\\ciudadanos.php', 33)
 2 SYSTEMPATH\View\View.php(240): include('C:\\xampp\\htdocs\\proyectos2026\\app\\Views\\ciudadanos.php')
 3 SYSTEMPATH\View\View.php(243): CodeIgniter\View\View->CodeIgniter\View\{closure}()
 4 SYSTEMPATH\Common.php(1268): CodeIgniter\View\View->render('ciudadanos', [], true)
 5 APPPATH\Controllers\CiudadanosController.php(14): view('ciudadanos', [...])
 6 SYSTEMPATH\CodeIgniter.php(974): App\Controllers\CiudadanosController->index()
 7 SYSTEMPATH\CodeIgniter.php(520): CodeIgniter\CodeIgniter->runController(Object(App\Controllers\CiudadanosController))
 8 SYSTEMPATH\CodeIgniter.php(363): CodeIgniter\CodeIgniter->handleRequest(null, Object(Config\Cache), false)
 9 SYSTEMPATH\Boot.php(417): CodeIgniter\CodeIgniter->run()
10 SYSTEMPATH\Boot.php(68): CodeIgniter\Boot::runCodeIgniter(Object(CodeIgniter\CodeIgniter))
11 FCPATH\index.php(59): CodeIgniter\Boot::bootWeb(Object(Config\Paths))
ERROR - 2026-10-04 03:58:42 --> Cannot add or update a child row: a foreign key constraint fails (`bd_ciudadanos`.`ciudadanos`, CONSTRAINT `ciudadanos_ibfk_3` FOREIGN KEY (`cod_muni`) REFERENCES `municipios` (`cod_muni`) ON DELETE CASCADE ON UPDATE CASCADE)
in SYSTEMPATH\Database\MySQLi\Connection.php on line 300.
 1 SYSTEMPATH\Database\MySQLi\Connection.php(300): mysqli->query('INSERT INTO `ciudadanos` (`dpi`, `apellido`, `nombre`, `direccion`, `tel_casa`, `tel_movil`, `email`, `fechanac`, `cod_nivel_acad`, `cod_muni`, `contra`) VALUES (\'305663\', \'martin\', \'Diego \', \'san lucas\', \'45452993\', \'45452993\', \'jsoenfiosfnf\', \'24342\', \'ddggds\', \'242343\', \'23434342432\')', 0)
 2 SYSTEMPATH\Database\BaseConnection.php(908): CodeIgniter\Database\MySQLi\Connection->execute('INSERT INTO `ciudadanos` (`dpi`, `apellido`, `nombre`, `direccion`, `tel_casa`, `tel_movil`, `email`, `fechanac`, `cod_nivel_acad`, `cod_muni`, `contra`) VALUES (\'305663\', \'martin\', \'Diego \', \'san lucas\', \'45452993\', \'45452993\', \'jsoenfiosfnf\', \'24342\', \'ddggds\', \'242343\', \'23434342432\')')
 3 SYSTEMPATH\Database\BaseConnection.php(825): CodeIgniter\Database\BaseConnection->simpleQuery('INSERT INTO `ciudadanos` (`dpi`, `apellido`, `nombre`, `direccion`, `tel_casa`, `tel_movil`, `email`, `fechanac`, `cod_nivel_acad`, `cod_muni`, `contra`) VALUES (\'305663\', \'martin\', \'Diego \', \'san lucas\', \'45452993\', \'45452993\', \'jsoenfiosfnf\', \'24342\', \'ddggds\', \'242343\', \'23434342432\')')
 4 SYSTEMPATH\Database\BaseBuilder.php(2355): CodeIgniter\Database\BaseConnection->query('INSERT INTO `ciudadanos` (`dpi`, `apellido`, `nombre`, `direccion`, `tel_casa`, `tel_movil`, `email`, `fechanac`, `cod_nivel_acad`, `cod_muni`, `contra`) VALUES (:dpi:, :apellido:, :nombre:, :direccion:, :tel_casa:, :tel_movil:, :email:, :fechanac:, :cod_nivel_acad:, :cod_muni:, :contra:)', [...], false)
 5 SYSTEMPATH\Model.php(357): CodeIgniter\Database\BaseBuilder->insert()
 6 SYSTEMPATH\BaseModel.php(899): CodeIgniter\Model->doInsert([...])
 7 SYSTEMPATH\Model.php(670): CodeIgniter\BaseModel->insert([...], true)
 8 APPPATH\Controllers\CiudadanosController.php(36): CodeIgniter\Model->insert([...])
 9 SYSTEMPATH\CodeIgniter.php(974): App\Controllers\CiudadanosController->insertar()
10 SYSTEMPATH\CodeIgniter.php(520): CodeIgniter\CodeIgniter->runController(Object(App\Controllers\CiudadanosController))
11 SYSTEMPATH\CodeIgniter.php(363): CodeIgniter\CodeIgniter->handleRequest(null, Object(Config\Cache), false)
12 SYSTEMPATH\Boot.php(417): CodeIgniter\CodeIgniter->run()
13 SYSTEMPATH\Boot.php(68): CodeIgniter\Boot::runCodeIgniter(Object(CodeIgniter\CodeIgniter))
14 FCPATH\index.php(59): CodeIgniter\Boot::bootWeb(Object(Config\Paths))
CRITICAL - 2026-10-04 03:58:42 --> CodeIgniter\Database\Exceptions\DatabaseException: Cannot add or update a child row: a foreign key constraint fails (`bd_ciudadanos`.`ciudadanos`, CONSTRAINT `ciudadanos_ibfk_3` FOREIGN KEY (`cod_muni`) REFERENCES `municipios` (`cod_muni`) ON DELETE CASCADE ON UPDATE CASCADE)
[Method: POST, Route: agregar_ciudadanos]
in SYSTEMPATH\Database\BaseConnection.php on line 863.
 1 SYSTEMPATH\Database\BaseBuilder.php(2355): CodeIgniter\Database\BaseConnection->query('INSERT INTO `ciudadanos` (`dpi`, `apellido`, `nombre`, `direccion`, `tel_casa`, `tel_movil`, `email`, `fechanac`, `cod_nivel_acad`, `cod_muni`, `contra`) VALUES (:dpi:, :apellido:, :nombre:, :direccion:, :tel_casa:, :tel_movil:, :email:, :fechanac:, :cod_nivel_acad:, :cod_muni:, :contra:)', [...], false)
 2 SYSTEMPATH\Model.php(357): CodeIgniter\Database\BaseBuilder->insert()
 3 SYSTEMPATH\BaseModel.php(899): CodeIgniter\Model->doInsert([...])
 4 SYSTEMPATH\Model.php(670): CodeIgniter\BaseModel->insert([...], true)
 5 APPPATH\Controllers\CiudadanosController.php(36): CodeIgniter\Model->insert([...])
 6 SYSTEMPATH\CodeIgniter.php(974): App\Controllers\CiudadanosController->insertar()
 7 SYSTEMPATH\CodeIgniter.php(520): CodeIgniter\CodeIgniter->runController(Object(App\Controllers\CiudadanosController))
 8 SYSTEMPATH\CodeIgniter.php(363): CodeIgniter\CodeIgniter->handleRequest(null, Object(Config\Cache), false)
 9 SYSTEMPATH\Boot.php(417): CodeIgniter\CodeIgniter->run()
10 SYSTEMPATH\Boot.php(68): CodeIgniter\Boot::runCodeIgniter(Object(CodeIgniter\CodeIgniter))
11 FCPATH\index.php(59): CodeIgniter\Boot::bootWeb(Object(Config\Paths))
CRITICAL - 2026-10-04 03:58:42 --> [Caused by] CodeIgniter\Database\Exceptions\DatabaseException: Cannot add or update a child row: a foreign key constraint fails (`bd_ciudadanos`.`ciudadanos`, CONSTRAINT `ciudadanos_ibfk_3` FOREIGN KEY (`cod_muni`) REFERENCES `municipios` (`cod_muni`) ON DELETE CASCADE ON UPDATE CASCADE)
in SYSTEMPATH\Database\MySQLi\Connection.php on line 310.
 1 SYSTEMPATH\Database\BaseConnection.php(908): CodeIgniter\Database\MySQLi\Connection->execute('INSERT INTO `ciudadanos` (`dpi`, `apellido`, `nombre`, `direccion`, `tel_casa`, `tel_movil`, `email`, `fechanac`, `cod_nivel_acad`, `cod_muni`, `contra`) VALUES (\'305663\', \'martin\', \'Diego \', \'san lucas\', \'45452993\', \'45452993\', \'jsoenfiosfnf\', \'24342\', \'ddggds\', \'242343\', \'23434342432\')')
 2 SYSTEMPATH\Database\BaseConnection.php(825): CodeIgniter\Database\BaseConnection->simpleQuery('INSERT INTO `ciudadanos` (`dpi`, `apellido`, `nombre`, `direccion`, `tel_casa`, `tel_movil`, `email`, `fechanac`, `cod_nivel_acad`, `cod_muni`, `contra`) VALUES (\'305663\', \'martin\', \'Diego \', \'san lucas\', \'45452993\', \'45452993\', \'jsoenfiosfnf\', \'24342\', \'ddggds\', \'242343\', \'23434342432\')')
 3 SYSTEMPATH\Database\BaseBuilder.php(2355): CodeIgniter\Database\BaseConnection->query('INSERT INTO `ciudadanos` (`dpi`, `apellido`, `nombre`, `direccion`, `tel_casa`, `tel_movil`, `email`, `fechanac`, `cod_nivel_acad`, `cod_muni`, `contra`) VALUES (:dpi:, :apellido:, :nombre:, :direccion:, :tel_casa:, :tel_movil:, :email:, :fechanac:, :cod_nivel_acad:, :cod_muni:, :contra:)', [...], false)
 4 SYSTEMPATH\Model.php(357): CodeIgniter\Database\BaseBuilder->insert()
 5 SYSTEMPATH\BaseModel.php(899): CodeIgniter\Model->doInsert([...])
 6 SYSTEMPATH\Model.php(670): CodeIgniter\BaseModel->insert([...], true)
 7 APPPATH\Controllers\CiudadanosController.php(36): CodeIgniter\Model->insert([...])
 8 SYSTEMPATH\CodeIgniter.php(974): App\Controllers\CiudadanosController->insertar()
 9 SYSTEMPATH\CodeIgniter.php(520): CodeIgniter\CodeIgniter->runController(Object(App\Controllers\CiudadanosController))
10 SYSTEMPATH\CodeIgniter.php(363): CodeIgniter\CodeIgniter->handleRequest(null, Object(Config\Cache), false)
11 SYSTEMPATH\Boot.php(417): CodeIgniter\CodeIgniter->run()
12 SYSTEMPATH\Boot.php(68): CodeIgniter\Boot::runCodeIgniter(Object(CodeIgniter\CodeIgniter))
13 FCPATH\index.php(59): CodeIgniter\Boot::bootWeb(Object(Config\Paths))
CRITICAL - 2026-10-04 03:58:42 --> [Caused by] mysqli_sql_exception: Cannot add or update a child row: a foreign key constraint fails (`bd_ciudadanos`.`ciudadanos`, CONSTRAINT `ciudadanos_ibfk_3` FOREIGN KEY (`cod_muni`) REFERENCES `municipios` (`cod_muni`) ON DELETE CASCADE ON UPDATE CASCADE)
in SYSTEMPATH\Database\MySQLi\Connection.php on line 300.
 1 SYSTEMPATH\Database\MySQLi\Connection.php(300): mysqli->query('INSERT INTO `ciudadanos` (`dpi`, `apellido`, `nombre`, `direccion`, `tel_casa`, `tel_movil`, `email`, `fechanac`, `cod_nivel_acad`, `cod_muni`, `contra`) VALUES (\'305663\', \'martin\', \'Diego \', \'san lucas\', \'45452993\', \'45452993\', \'jsoenfiosfnf\', \'24342\', \'ddggds\', \'242343\', \'23434342432\')', 0)
 2 SYSTEMPATH\Database\BaseConnection.php(908): CodeIgniter\Database\MySQLi\Connection->execute('INSERT INTO `ciudadanos` (`dpi`, `apellido`, `nombre`, `direccion`, `tel_casa`, `tel_movil`, `email`, `fechanac`, `cod_nivel_acad`, `cod_muni`, `contra`) VALUES (\'305663\', \'martin\', \'Diego \', \'san lucas\', \'45452993\', \'45452993\', \'jsoenfiosfnf\', \'24342\', \'ddggds\', \'242343\', \'23434342432\')')
 3 SYSTEMPATH\Database\BaseConnection.php(825): CodeIgniter\Database\BaseConnection->simpleQuery('INSERT INTO `ciudadanos` (`dpi`, `apellido`, `nombre`, `direccion`, `tel_casa`, `tel_movil`, `email`, `fechanac`, `cod_nivel_acad`, `cod_muni`, `contra`) VALUES (\'305663\', \'martin\', \'Diego \', \'san lucas\', \'45452993\', \'45452993\', \'jsoenfiosfnf\', \'24342\', \'ddggds\', \'242343\', \'23434342432\')')
 4 SYSTEMPATH\Database\BaseBuilder.php(2355): CodeIgniter\Database\BaseConnection->query('INSERT INTO `ciudadanos` (`dpi`, `apellido`, `nombre`, `direccion`, `tel_casa`, `tel_movil`, `email`, `fechanac`, `cod_nivel_acad`, `cod_muni`, `contra`) VALUES (:dpi:, :apellido:, :nombre:, :direccion:, :tel_casa:, :tel_movil:, :email:, :fechanac:, :cod_nivel_acad:, :cod_muni:, :contra:)', [...], false)
 5 SYSTEMPATH\Model.php(357): CodeIgniter\Database\BaseBuilder->insert()
 6 SYSTEMPATH\BaseModel.php(899): CodeIgniter\Model->doInsert([...])
 7 SYSTEMPATH\Model.php(670): CodeIgniter\BaseModel->insert([...], true)
 8 APPPATH\Controllers\CiudadanosController.php(36): CodeIgniter\Model->insert([...])
 9 SYSTEMPATH\CodeIgniter.php(974): App\Controllers\CiudadanosController->insertar()
10 SYSTEMPATH\CodeIgniter.php(520): CodeIgniter\CodeIgniter->runController(Object(App\Controllers\CiudadanosController))
11 SYSTEMPATH\CodeIgniter.php(363): CodeIgniter\CodeIgniter->handleRequest(null, Object(Config\Cache), false)
12 SYSTEMPATH\Boot.php(417): CodeIgniter\CodeIgniter->run()
13 SYSTEMPATH\Boot.php(68): CodeIgniter\Boot::runCodeIgniter(Object(CodeIgniter\CodeIgniter))
14 FCPATH\index.php(59): CodeIgniter\Boot::bootWeb(Object(Config\Paths))
ERROR - 2026-10-04 03:59:44 --> Cannot add or update a child row: a foreign key constraint fails (`bd_ciudadanos`.`ciudadanos`, CONSTRAINT `ciudadanos_ibfk_3` FOREIGN KEY (`cod_muni`) REFERENCES `municipios` (`cod_muni`) ON DELETE CASCADE ON UPDATE CASCADE)
in SYSTEMPATH\Database\MySQLi\Connection.php on line 300.
 1 SYSTEMPATH\Database\MySQLi\Connection.php(300): mysqli->query('INSERT INTO `ciudadanos` (`dpi`, `apellido`, `nombre`, `direccion`, `tel_casa`, `tel_movil`, `email`, `fechanac`, `cod_nivel_acad`, `cod_muni`, `contra`) VALUES (\'305663\', \'martin\', \'Diego \', \'san lucas\', \'45452993\', \'45452993\', \'jsoenfiosfnf\', \'24342\', \'ddggds\', \'1234\', \'23434342432\')', 0)
 2 SYSTEMPATH\Database\BaseConnection.php(908): CodeIgniter\Database\MySQLi\Connection->execute('INSERT INTO `ciudadanos` (`dpi`, `apellido`, `nombre`, `direccion`, `tel_casa`, `tel_movil`, `email`, `fechanac`, `cod_nivel_acad`, `cod_muni`, `contra`) VALUES (\'305663\', \'martin\', \'Diego \', \'san lucas\', \'45452993\', \'45452993\', \'jsoenfiosfnf\', \'24342\', \'ddggds\', \'1234\', \'23434342432\')')
 3 SYSTEMPATH\Database\BaseConnection.php(825): CodeIgniter\Database\BaseConnection->simpleQuery('INSERT INTO `ciudadanos` (`dpi`, `apellido`, `nombre`, `direccion`, `tel_casa`, `tel_movil`, `email`, `fechanac`, `cod_nivel_acad`, `cod_muni`, `contra`) VALUES (\'305663\', \'martin\', \'Diego \', \'san lucas\', \'45452993\', \'45452993\', \'jsoenfiosfnf\', \'24342\', \'ddggds\', \'1234\', \'23434342432\')')
 4 SYSTEMPATH\Database\BaseBuilder.php(2355): CodeIgniter\Database\BaseConnection->query('INSERT INTO `ciudadanos` (`dpi`, `apellido`, `nombre`, `direccion`, `tel_casa`, `tel_movil`, `email`, `fechanac`, `cod_nivel_acad`, `cod_muni`, `contra`) VALUES (:dpi:, :apellido:, :nombre:, :direccion:, :tel_casa:, :tel_movil:, :email:, :fechanac:, :cod_nivel_acad:, :cod_muni:, :contra:)', [...], false)
 5 SYSTEMPATH\Model.php(357): CodeIgniter\Database\BaseBuilder->insert()
 6 SYSTEMPATH\BaseModel.php(899): CodeIgniter\Model->doInsert([...])
 7 SYSTEMPATH\Model.php(670): CodeIgniter\BaseModel->insert([...], true)
 8 APPPATH\Controllers\CiudadanosController.php(36): CodeIgniter\Model->insert([...])
 9 SYSTEMPATH\CodeIgniter.php(974): App\Controllers\CiudadanosController->insertar()
10 SYSTEMPATH\CodeIgniter.php(520): CodeIgniter\CodeIgniter->runController(Object(App\Controllers\CiudadanosController))
11 SYSTEMPATH\CodeIgniter.php(363): CodeIgniter\CodeIgniter->handleRequest(null, Object(Config\Cache), false)
12 SYSTEMPATH\Boot.php(417): CodeIgniter\CodeIgniter->run()
13 SYSTEMPATH\Boot.php(68): CodeIgniter\Boot::runCodeIgniter(Object(CodeIgniter\CodeIgniter))
14 FCPATH\index.php(59): CodeIgniter\Boot::bootWeb(Object(Config\Paths))
CRITICAL - 2026-10-04 03:59:44 --> CodeIgniter\Database\Exceptions\DatabaseException: Cannot add or update a child row: a foreign key constraint fails (`bd_ciudadanos`.`ciudadanos`, CONSTRAINT `ciudadanos_ibfk_3` FOREIGN KEY (`cod_muni`) REFERENCES `municipios` (`cod_muni`) ON DELETE CASCADE ON UPDATE CASCADE)
[Method: POST, Route: agregar_ciudadanos]
in SYSTEMPATH\Database\BaseConnection.php on line 863.
 1 SYSTEMPATH\Database\BaseBuilder.php(2355): CodeIgniter\Database\BaseConnection->query('INSERT INTO `ciudadanos` (`dpi`, `apellido`, `nombre`, `direccion`, `tel_casa`, `tel_movil`, `email`, `fechanac`, `cod_nivel_acad`, `cod_muni`, `contra`) VALUES (:dpi:, :apellido:, :nombre:, :direccion:, :tel_casa:, :tel_movil:, :email:, :fechanac:, :cod_nivel_acad:, :cod_muni:, :contra:)', [...], false)
 2 SYSTEMPATH\Model.php(357): CodeIgniter\Database\BaseBuilder->insert()
 3 SYSTEMPATH\BaseModel.php(899): CodeIgniter\Model->doInsert([...])
 4 SYSTEMPATH\Model.php(670): CodeIgniter\BaseModel->insert([...], true)
 5 APPPATH\Controllers\CiudadanosController.php(36): CodeIgniter\Model->insert([...])
 6 SYSTEMPATH\CodeIgniter.php(974): App\Controllers\CiudadanosController->insertar()
 7 SYSTEMPATH\CodeIgniter.php(520): CodeIgniter\CodeIgniter->runController(Object(App\Controllers\CiudadanosController))
 8 SYSTEMPATH\CodeIgniter.php(363): CodeIgniter\CodeIgniter->handleRequest(null, Object(Config\Cache), false)
 9 SYSTEMPATH\Boot.php(417): CodeIgniter\CodeIgniter->run()
10 SYSTEMPATH\Boot.php(68): CodeIgniter\Boot::runCodeIgniter(Object(CodeIgniter\CodeIgniter))
11 FCPATH\index.php(59): CodeIgniter\Boot::bootWeb(Object(Config\Paths))
CRITICAL - 2026-10-04 03:59:44 --> [Caused by] CodeIgniter\Database\Exceptions\DatabaseException: Cannot add or update a child row: a foreign key constraint fails (`bd_ciudadanos`.`ciudadanos`, CONSTRAINT `ciudadanos_ibfk_3` FOREIGN KEY (`cod_muni`) REFERENCES `municipios` (`cod_muni`) ON DELETE CASCADE ON UPDATE CASCADE)
in SYSTEMPATH\Database\MySQLi\Connection.php on line 310.
 1 SYSTEMPATH\Database\BaseConnection.php(908): CodeIgniter\Database\MySQLi\Connection->execute('INSERT INTO `ciudadanos` (`dpi`, `apellido`, `nombre`, `direccion`, `tel_casa`, `tel_movil`, `email`, `fechanac`, `cod_nivel_acad`, `cod_muni`, `contra`) VALUES (\'305663\', \'martin\', \'Diego \', \'san lucas\', \'45452993\', \'45452993\', \'jsoenfiosfnf\', \'24342\', \'ddggds\', \'1234\', \'23434342432\')')
 2 SYSTEMPATH\Database\BaseConnection.php(825): CodeIgniter\Database\BaseConnection->simpleQuery('INSERT INTO `ciudadanos` (`dpi`, `apellido`, `nombre`, `direccion`, `tel_casa`, `tel_movil`, `email`, `fechanac`, `cod_nivel_acad`, `cod_muni`, `contra`) VALUES (\'305663\', \'martin\', \'Diego \', \'san lucas\', \'45452993\', \'45452993\', \'jsoenfiosfnf\', \'24342\', \'ddggds\', \'1234\', \'23434342432\')')
 3 SYSTEMPATH\Database\BaseBuilder.php(2355): CodeIgniter\Database\BaseConnection->query('INSERT INTO `ciudadanos` (`dpi`, `apellido`, `nombre`, `direccion`, `tel_casa`, `tel_movil`, `email`, `fechanac`, `cod_nivel_acad`, `cod_muni`, `contra`) VALUES (:dpi:, :apellido:, :nombre:, :direccion:, :tel_casa:, :tel_movil:, :email:, :fechanac:, :cod_nivel_acad:, :cod_muni:, :contra:)', [...], false)
 4 SYSTEMPATH\Model.php(357): CodeIgniter\Database\BaseBuilder->insert()
 5 SYSTEMPATH\BaseModel.php(899): CodeIgniter\Model->doInsert([...])
 6 SYSTEMPATH\Model.php(670): CodeIgniter\BaseModel->insert([...], true)
 7 APPPATH\Controllers\CiudadanosController.php(36): CodeIgniter\Model->insert([...])
 8 SYSTEMPATH\CodeIgniter.php(974): App\Controllers\CiudadanosController->insertar()
 9 SYSTEMPATH\CodeIgniter.php(520): CodeIgniter\CodeIgniter->runController(Object(App\Controllers\CiudadanosController))
10 SYSTEMPATH\CodeIgniter.php(363): CodeIgniter\CodeIgniter->handleRequest(null, Object(Config\Cache), false)
11 SYSTEMPATH\Boot.php(417): CodeIgniter\CodeIgniter->run()
12 SYSTEMPATH\Boot.php(68): CodeIgniter\Boot::runCodeIgniter(Object(CodeIgniter\CodeIgniter))
13 FCPATH\index.php(59): CodeIgniter\Boot::bootWeb(Object(Config\Paths))
CRITICAL - 2026-10-04 03:59:44 --> [Caused by] mysqli_sql_exception: Cannot add or update a child row: a foreign key constraint fails (`bd_ciudadanos`.`ciudadanos`, CONSTRAINT `ciudadanos_ibfk_3` FOREIGN KEY (`cod_muni`) REFERENCES `municipios` (`cod_muni`) ON DELETE CASCADE ON UPDATE CASCADE)
in SYSTEMPATH\Database\MySQLi\Connection.php on line 300.
 1 SYSTEMPATH\Database\MySQLi\Connection.php(300): mysqli->query('INSERT INTO `ciudadanos` (`dpi`, `apellido`, `nombre`, `direccion`, `tel_casa`, `tel_movil`, `email`, `fechanac`, `cod_nivel_acad`, `cod_muni`, `contra`) VALUES (\'305663\', \'martin\', \'Diego \', \'san lucas\', \'45452993\', \'45452993\', \'jsoenfiosfnf\', \'24342\', \'ddggds\', \'1234\', \'23434342432\')', 0)
 2 SYSTEMPATH\Database\BaseConnection.php(908): CodeIgniter\Database\MySQLi\Connection->execute('INSERT INTO `ciudadanos` (`dpi`, `apellido`, `nombre`, `direccion`, `tel_casa`, `tel_movil`, `email`, `fechanac`, `cod_nivel_acad`, `cod_muni`, `contra`) VALUES (\'305663\', \'martin\', \'Diego \', \'san lucas\', \'45452993\', \'45452993\', \'jsoenfiosfnf\', \'24342\', \'ddggds\', \'1234\', \'23434342432\')')
 3 SYSTEMPATH\Database\BaseConnection.php(825): CodeIgniter\Database\BaseConnection->simpleQuery('INSERT INTO `ciudadanos` (`dpi`, `apellido`, `nombre`, `direccion`, `tel_casa`, `tel_movil`, `email`, `fechanac`, `cod_nivel_acad`, `cod_muni`, `contra`) VALUES (\'305663\', \'martin\', \'Diego \', \'san lucas\', \'45452993\', \'45452993\', \'jsoenfiosfnf\', \'24342\', \'ddggds\', \'1234\', \'23434342432\')')
 4 SYSTEMPATH\Database\BaseBuilder.php(2355): CodeIgniter\Database\BaseConnection->query('INSERT INTO `ciudadanos` (`dpi`, `apellido`, `nombre`, `direccion`, `tel_casa`, `tel_movil`, `email`, `fechanac`, `cod_nivel_acad`, `cod_muni`, `contra`) VALUES (:dpi:, :apellido:, :nombre:, :direccion:, :tel_casa:, :tel_movil:, :email:, :fechanac:, :cod_nivel_acad:, :cod_muni:, :contra:)', [...], false)
 5 SYSTEMPATH\Model.php(357): CodeIgniter\Database\BaseBuilder->insert()
 6 SYSTEMPATH\BaseModel.php(899): CodeIgniter\Model->doInsert([...])
 7 SYSTEMPATH\Model.php(670): CodeIgniter\BaseModel->insert([...], true)
 8 APPPATH\Controllers\CiudadanosController.php(36): CodeIgniter\Model->insert([...])
 9 SYSTEMPATH\CodeIgniter.php(974): App\Controllers\CiudadanosController->insertar()
10 SYSTEMPATH\CodeIgniter.php(520): CodeIgniter\CodeIgniter->runController(Object(App\Controllers\CiudadanosController))
11 SYSTEMPATH\CodeIgniter.php(363): CodeIgniter\CodeIgniter->handleRequest(null, Object(Config\Cache), false)
12 SYSTEMPATH\Boot.php(417): CodeIgniter\CodeIgniter->run()
13 SYSTEMPATH\Boot.php(68): CodeIgniter\Boot::runCodeIgniter(Object(CodeIgniter\CodeIgniter))
14 FCPATH\index.php(59): CodeIgniter\Boot::bootWeb(Object(Config\Paths))
ERROR - 2026-10-04 04:02:34 --> Cannot add or update a child row: a foreign key constraint fails (`bd_ciudadanos`.`ciudadanos`, CONSTRAINT `ciudadanos_ibfk_3` FOREIGN KEY (`cod_muni`) REFERENCES `municipios` (`cod_muni`) ON DELETE CASCADE ON UPDATE CASCADE)
in SYSTEMPATH\Database\MySQLi\Connection.php on line 300.
 1 SYSTEMPATH\Database\MySQLi\Connection.php(300): mysqli->query('INSERT INTO `ciudadanos` (`dpi`, `apellido`, `nombre`, `direccion`, `tel_casa`, `tel_movil`, `email`, `fechanac`, `cod_nivel_acad`, `cod_muni`, `contra`) VALUES (\'305663\', \'martin\', \'Diego \', \'san lucas\', \'45452993\', \'45452993\', \'jsoenfiosfnf\', \'24342\', \'ddggds\', \'1234\', \'23434342432\')', 0)
 2 SYSTEMPATH\Database\BaseConnection.php(908): CodeIgniter\Database\MySQLi\Connection->execute('INSERT INTO `ciudadanos` (`dpi`, `apellido`, `nombre`, `direccion`, `tel_casa`, `tel_movil`, `email`, `fechanac`, `cod_nivel_acad`, `cod_muni`, `contra`) VALUES (\'305663\', \'martin\', \'Diego \', \'san lucas\', \'45452993\', \'45452993\', \'jsoenfiosfnf\', \'24342\', \'ddggds\', \'1234\', \'23434342432\')')
 3 SYSTEMPATH\Database\BaseConnection.php(825): CodeIgniter\Database\BaseConnection->simpleQuery('INSERT INTO `ciudadanos` (`dpi`, `apellido`, `nombre`, `direccion`, `tel_casa`, `tel_movil`, `email`, `fechanac`, `cod_nivel_acad`, `cod_muni`, `contra`) VALUES (\'305663\', \'martin\', \'Diego \', \'san lucas\', \'45452993\', \'45452993\', \'jsoenfiosfnf\', \'24342\', \'ddggds\', \'1234\', \'23434342432\')')
 4 SYSTEMPATH\Database\BaseBuilder.php(2355): CodeIgniter\Database\BaseConnection->query('INSERT INTO `ciudadanos` (`dpi`, `apellido`, `nombre`, `direccion`, `tel_casa`, `tel_movil`, `email`, `fechanac`, `cod_nivel_acad`, `cod_muni`, `contra`) VALUES (:dpi:, :apellido:, :nombre:, :direccion:, :tel_casa:, :tel_movil:, :email:, :fechanac:, :cod_nivel_acad:, :cod_muni:, :contra:)', [...], false)
 5 SYSTEMPATH\Model.php(357): CodeIgniter\Database\BaseBuilder->insert()
 6 SYSTEMPATH\BaseModel.php(899): CodeIgniter\Model->doInsert([...])
 7 SYSTEMPATH\Model.php(670): CodeIgniter\BaseModel->insert([...], true)
 8 APPPATH\Controllers\CiudadanosController.php(36): CodeIgniter\Model->insert([...])
 9 SYSTEMPATH\CodeIgniter.php(974): App\Controllers\CiudadanosController->insertar()
10 SYSTEMPATH\CodeIgniter.php(520): CodeIgniter\CodeIgniter->runController(Object(App\Controllers\CiudadanosController))
11 SYSTEMPATH\CodeIgniter.php(363): CodeIgniter\CodeIgniter->handleRequest(null, Object(Config\Cache), false)
12 SYSTEMPATH\Boot.php(417): CodeIgniter\CodeIgniter->run()
13 SYSTEMPATH\Boot.php(68): CodeIgniter\Boot::runCodeIgniter(Object(CodeIgniter\CodeIgniter))
14 FCPATH\index.php(59): CodeIgniter\Boot::bootWeb(Object(Config\Paths))
CRITICAL - 2026-10-04 04:02:34 --> CodeIgniter\Database\Exceptions\DatabaseException: Cannot add or update a child row: a foreign key constraint fails (`bd_ciudadanos`.`ciudadanos`, CONSTRAINT `ciudadanos_ibfk_3` FOREIGN KEY (`cod_muni`) REFERENCES `municipios` (`cod_muni`) ON DELETE CASCADE ON UPDATE CASCADE)
[Method: POST, Route: agregar_ciudadanos]
in SYSTEMPATH\Database\BaseConnection.php on line 863.
 1 SYSTEMPATH\Database\BaseBuilder.php(2355): CodeIgniter\Database\BaseConnection->query('INSERT INTO `ciudadanos` (`dpi`, `apellido`, `nombre`, `direccion`, `tel_casa`, `tel_movil`, `email`, `fechanac`, `cod_nivel_acad`, `cod_muni`, `contra`) VALUES (:dpi:, :apellido:, :nombre:, :direccion:, :tel_casa:, :tel_movil:, :email:, :fechanac:, :cod_nivel_acad:, :cod_muni:, :contra:)', [...], false)
 2 SYSTEMPATH\Model.php(357): CodeIgniter\Database\BaseBuilder->insert()
 3 SYSTEMPATH\BaseModel.php(899): CodeIgniter\Model->doInsert([...])
 4 SYSTEMPATH\Model.php(670): CodeIgniter\BaseModel->insert([...], true)
 5 APPPATH\Controllers\CiudadanosController.php(36): CodeIgniter\Model->insert([...])
 6 SYSTEMPATH\CodeIgniter.php(974): App\Controllers\CiudadanosController->insertar()
 7 SYSTEMPATH\CodeIgniter.php(520): CodeIgniter\CodeIgniter->runController(Object(App\Controllers\CiudadanosController))
 8 SYSTEMPATH\CodeIgniter.php(363): CodeIgniter\CodeIgniter->handleRequest(null, Object(Config\Cache), false)
 9 SYSTEMPATH\Boot.php(417): CodeIgniter\CodeIgniter->run()
10 SYSTEMPATH\Boot.php(68): CodeIgniter\Boot::runCodeIgniter(Object(CodeIgniter\CodeIgniter))
11 FCPATH\index.php(59): CodeIgniter\Boot::bootWeb(Object(Config\Paths))
CRITICAL - 2026-10-04 04:02:34 --> [Caused by] CodeIgniter\Database\Exceptions\DatabaseException: Cannot add or update a child row: a foreign key constraint fails (`bd_ciudadanos`.`ciudadanos`, CONSTRAINT `ciudadanos_ibfk_3` FOREIGN KEY (`cod_muni`) REFERENCES `municipios` (`cod_muni`) ON DELETE CASCADE ON UPDATE CASCADE)
in SYSTEMPATH\Database\MySQLi\Connection.php on line 310.
 1 SYSTEMPATH\Database\BaseConnection.php(908): CodeIgniter\Database\MySQLi\Connection->execute('INSERT INTO `ciudadanos` (`dpi`, `apellido`, `nombre`, `direccion`, `tel_casa`, `tel_movil`, `email`, `fechanac`, `cod_nivel_acad`, `cod_muni`, `contra`) VALUES (\'305663\', \'martin\', \'Diego \', \'san lucas\', \'45452993\', \'45452993\', \'jsoenfiosfnf\', \'24342\', \'ddggds\', \'1234\', \'23434342432\')')
 2 SYSTEMPATH\Database\BaseConnection.php(825): CodeIgniter\Database\BaseConnection->simpleQuery('INSERT INTO `ciudadanos` (`dpi`, `apellido`, `nombre`, `direccion`, `tel_casa`, `tel_movil`, `email`, `fechanac`, `cod_nivel_acad`, `cod_muni`, `contra`) VALUES (\'305663\', \'martin\', \'Diego \', \'san lucas\', \'45452993\', \'45452993\', \'jsoenfiosfnf\', \'24342\', \'ddggds\', \'1234\', \'23434342432\')')
 3 SYSTEMPATH\Database\BaseBuilder.php(2355): CodeIgniter\Database\BaseConnection->query('INSERT INTO `ciudadanos` (`dpi`, `apellido`, `nombre`, `direccion`, `tel_casa`, `tel_movil`, `email`, `fechanac`, `cod_nivel_acad`, `cod_muni`, `contra`) VALUES (:dpi:, :apellido:, :nombre:, :direccion:, :tel_casa:, :tel_movil:, :email:, :fechanac:, :cod_nivel_acad:, :cod_muni:, :contra:)', [...], false)
 4 SYSTEMPATH\Model.php(357): CodeIgniter\Database\BaseBuilder->insert()
 5 SYSTEMPATH\BaseModel.php(899): CodeIgniter\Model->doInsert([...])
 6 SYSTEMPATH\Model.php(670): CodeIgniter\BaseModel->insert([...], true)
 7 APPPATH\Controllers\CiudadanosController.php(36): CodeIgniter\Model->insert([...])
 8 SYSTEMPATH\CodeIgniter.php(974): App\Controllers\CiudadanosController->insertar()
 9 SYSTEMPATH\CodeIgniter.php(520): CodeIgniter\CodeIgniter->runController(Object(App\Controllers\CiudadanosController))
10 SYSTEMPATH\CodeIgniter.php(363): CodeIgniter\CodeIgniter->handleRequest(null, Object(Config\Cache), false)
11 SYSTEMPATH\Boot.php(417): CodeIgniter\CodeIgniter->run()
12 SYSTEMPATH\Boot.php(68): CodeIgniter\Boot::runCodeIgniter(Object(CodeIgniter\CodeIgniter))
13 FCPATH\index.php(59): CodeIgniter\Boot::bootWeb(Object(Config\Paths))
CRITICAL - 2026-10-04 04:02:34 --> [Caused by] mysqli_sql_exception: Cannot add or update a child row: a foreign key constraint fails (`bd_ciudadanos`.`ciudadanos`, CONSTRAINT `ciudadanos_ibfk_3` FOREIGN KEY (`cod_muni`) REFERENCES `municipios` (`cod_muni`) ON DELETE CASCADE ON UPDATE CASCADE)
in SYSTEMPATH\Database\MySQLi\Connection.php on line 300.
 1 SYSTEMPATH\Database\MySQLi\Connection.php(300): mysqli->query('INSERT INTO `ciudadanos` (`dpi`, `apellido`, `nombre`, `direccion`, `tel_casa`, `tel_movil`, `email`, `fechanac`, `cod_nivel_acad`, `cod_muni`, `contra`) VALUES (\'305663\', \'martin\', \'Diego \', \'san lucas\', \'45452993\', \'45452993\', \'jsoenfiosfnf\', \'24342\', \'ddggds\', \'1234\', \'23434342432\')', 0)
 2 SYSTEMPATH\Database\BaseConnection.php(908): CodeIgniter\Database\MySQLi\Connection->execute('INSERT INTO `ciudadanos` (`dpi`, `apellido`, `nombre`, `direccion`, `tel_casa`, `tel_movil`, `email`, `fechanac`, `cod_nivel_acad`, `cod_muni`, `contra`) VALUES (\'305663\', \'martin\', \'Diego \', \'san lucas\', \'45452993\', \'45452993\', \'jsoenfiosfnf\', \'24342\', \'ddggds\', \'1234\', \'23434342432\')')
 3 SYSTEMPATH\Database\BaseConnection.php(825): CodeIgniter\Database\BaseConnection->simpleQuery('INSERT INTO `ciudadanos` (`dpi`, `apellido`, `nombre`, `direccion`, `tel_casa`, `tel_movil`, `email`, `fechanac`, `cod_nivel_acad`, `cod_muni`, `contra`) VALUES (\'305663\', \'martin\', \'Diego \', \'san lucas\', \'45452993\', \'45452993\', \'jsoenfiosfnf\', \'24342\', \'ddggds\', \'1234\', \'23434342432\')')
 4 SYSTEMPATH\Database\BaseBuilder.php(2355): CodeIgniter\Database\BaseConnection->query('INSERT INTO `ciudadanos` (`dpi`, `apellido`, `nombre`, `direccion`, `tel_casa`, `tel_movil`, `email`, `fechanac`, `cod_nivel_acad`, `cod_muni`, `contra`) VALUES (:dpi:, :apellido:, :nombre:, :direccion:, :tel_casa:, :tel_movil:, :email:, :fechanac:, :cod_nivel_acad:, :cod_muni:, :contra:)', [...], false)
 5 SYSTEMPATH\Model.php(357): CodeIgniter\Database\BaseBuilder->insert()
 6 SYSTEMPATH\BaseModel.php(899): CodeIgniter\Model->doInsert([...])
 7 SYSTEMPATH\Model.php(670): CodeIgniter\BaseModel->insert([...], true)
 8 APPPATH\Controllers\CiudadanosController.php(36): CodeIgniter\Model->insert([...])
 9 SYSTEMPATH\CodeIgniter.php(974): App\Controllers\CiudadanosController->insertar()
10 SYSTEMPATH\CodeIgniter.php(520): CodeIgniter\CodeIgniter->runController(Object(App\Controllers\CiudadanosController))
11 SYSTEMPATH\CodeIgniter.php(363): CodeIgniter\CodeIgniter->handleRequest(null, Object(Config\Cache), false)
12 SYSTEMPATH\Boot.php(417): CodeIgniter\CodeIgniter->run()
13 SYSTEMPATH\Boot.php(68): CodeIgniter\Boot::runCodeIgniter(Object(CodeIgniter\CodeIgniter))
14 FCPATH\index.php(59): CodeIgniter\Boot::bootWeb(Object(Config\Paths))
CRITICAL - 2026-10-04 04:11:51 --> ErrorException: Trying to access array offset on value of type null
[Method: GET, Route: buscar/1007928191909]
in APPPATH\Views\form_modificar_region.php on line 17.
 1 APPPATH\Views\form_modificar_region.php(17): CodeIgniter\Debug\Exceptions->errorHandler(2, 'Trying to access array offset on value of type null', 'C:\\xampp\\htdocs\\proyectos2026\\app\\Views\\form_modificar_region.php', 17)
 2 SYSTEMPATH\View\View.php(240): include('C:\\xampp\\htdocs\\proyectos2026\\app\\Views\\form_modificar_region.php')
 3 SYSTEMPATH\View\View.php(243): CodeIgniter\View\View->CodeIgniter\View\{closure}()
 4 SYSTEMPATH\Common.php(1268): CodeIgniter\View\View->render('form_modificar_region', [], true)
 5 APPPATH\Controllers\RegionesController.php(42): view('form_modificar_region', [...])
 6 SYSTEMPATH\CodeIgniter.php(974): App\Controllers\RegionesController->buscar('1007928191909')
 7 SYSTEMPATH\CodeIgniter.php(520): CodeIgniter\CodeIgniter->runController(Object(App\Controllers\RegionesController))
 8 SYSTEMPATH\CodeIgniter.php(363): CodeIgniter\CodeIgniter->handleRequest(null, Object(Config\Cache), false)
 9 SYSTEMPATH\Boot.php(417): CodeIgniter\CodeIgniter->run()
10 SYSTEMPATH\Boot.php(68): CodeIgniter\Boot::runCodeIgniter(Object(CodeIgniter\CodeIgniter))
11 FCPATH\index.php(59): CodeIgniter\Boot::bootWeb(Object(Config\Paths))
CRITICAL - 2026-10-04 04:14:08 --> ErrorException: Trying to access array offset on value of type null
[Method: GET, Route: buscar/1007928191909]
in APPPATH\Views\form_modificar_region.php on line 17.
 1 APPPATH\Views\form_modificar_region.php(17): CodeIgniter\Debug\Exceptions->errorHandler(2, 'Trying to access array offset on value of type null', 'C:\\xampp\\htdocs\\proyectos2026\\app\\Views\\form_modificar_region.php', 17)
 2 SYSTEMPATH\View\View.php(240): include('C:\\xampp\\htdocs\\proyectos2026\\app\\Views\\form_modificar_region.php')
 3 SYSTEMPATH\View\View.php(243): CodeIgniter\View\View->CodeIgniter\View\{closure}()
 4 SYSTEMPATH\Common.php(1268): CodeIgniter\View\View->render('form_modificar_region', [], true)
 5 APPPATH\Controllers\RegionesController.php(42): view('form_modificar_region', [...])
 6 SYSTEMPATH\CodeIgniter.php(974): App\Controllers\RegionesController->buscar('1007928191909')
 7 SYSTEMPATH\CodeIgniter.php(520): CodeIgniter\CodeIgniter->runController(Object(App\Controllers\RegionesController))
 8 SYSTEMPATH\CodeIgniter.php(363): CodeIgniter\CodeIgniter->handleRequest(null, Object(Config\Cache), false)
 9 SYSTEMPATH\Boot.php(417): CodeIgniter\CodeIgniter->run()
10 SYSTEMPATH\Boot.php(68): CodeIgniter\Boot::runCodeIgniter(Object(CodeIgniter\CodeIgniter))
11 FCPATH\index.php(59): CodeIgniter\Boot::bootWeb(Object(Config\Paths))
CRITICAL - 2026-10-04 04:17:13 --> ErrorException: Trying to access array offset on value of type null
[Method: GET, Route: buscar/1007928191909]
in APPPATH\Views\form_modificar_region.php on line 17.
 1 APPPATH\Views\form_modificar_region.php(17): CodeIgniter\Debug\Exceptions->errorHandler(2, 'Trying to access array offset on value of type null', 'C:\\xampp\\htdocs\\proyectos2026\\app\\Views\\form_modificar_region.php', 17)
 2 SYSTEMPATH\View\View.php(240): include('C:\\xampp\\htdocs\\proyectos2026\\app\\Views\\form_modificar_region.php')
 3 SYSTEMPATH\View\View.php(243): CodeIgniter\View\View->CodeIgniter\View\{closure}()
 4 SYSTEMPATH\Common.php(1268): CodeIgniter\View\View->render('form_modificar_region', [], true)
 5 APPPATH\Controllers\RegionesController.php(42): view('form_modificar_region', [...])
 6 SYSTEMPATH\CodeIgniter.php(974): App\Controllers\RegionesController->buscar('1007928191909')
 7 SYSTEMPATH\CodeIgniter.php(520): CodeIgniter\CodeIgniter->runController(Object(App\Controllers\RegionesController))
 8 SYSTEMPATH\CodeIgniter.php(363): CodeIgniter\CodeIgniter->handleRequest(null, Object(Config\Cache), false)
 9 SYSTEMPATH\Boot.php(417): CodeIgniter\CodeIgniter->run()
10 SYSTEMPATH\Boot.php(68): CodeIgniter\Boot::runCodeIgniter(Object(CodeIgniter\CodeIgniter))
11 FCPATH\index.php(59): CodeIgniter\Boot::bootWeb(Object(Config\Paths))
CRITICAL - 2026-10-04 04:18:57 --> ErrorException: Trying to access array offset on value of type null
[Method: GET, Route: buscar/1007928191909]
in APPPATH\Views\form_modificar_region.php on line 17.
 1 APPPATH\Views\form_modificar_region.php(17): CodeIgniter\Debug\Exceptions->errorHandler(2, 'Trying to access array offset on value of type null', 'C:\\xampp\\htdocs\\proyectos2026\\app\\Views\\form_modificar_region.php', 17)
 2 SYSTEMPATH\View\View.php(240): include('C:\\xampp\\htdocs\\proyectos2026\\app\\Views\\form_modificar_region.php')
 3 SYSTEMPATH\View\View.php(243): CodeIgniter\View\View->CodeIgniter\View\{closure}()
 4 SYSTEMPATH\Common.php(1268): CodeIgniter\View\View->render('form_modificar_region', [], true)
 5 APPPATH\Controllers\RegionesController.php(42): view('form_modificar_region', [...])
 6 SYSTEMPATH\CodeIgniter.php(974): App\Controllers\RegionesController->buscar('1007928191909')
 7 SYSTEMPATH\CodeIgniter.php(520): CodeIgniter\CodeIgniter->runController(Object(App\Controllers\RegionesController))
 8 SYSTEMPATH\CodeIgniter.php(363): CodeIgniter\CodeIgniter->handleRequest(null, Object(Config\Cache), false)
 9 SYSTEMPATH\Boot.php(417): CodeIgniter\CodeIgniter->run()
10 SYSTEMPATH\Boot.php(68): CodeIgniter\Boot::runCodeIgniter(Object(CodeIgniter\CodeIgniter))
11 FCPATH\index.php(59): CodeIgniter\Boot::bootWeb(Object(Config\Paths))
CRITICAL - 2026-10-04 04:18:58 --> ErrorException: Trying to access array offset on value of type null
[Method: GET, Route: buscar/1007928191909]
in APPPATH\Views\form_modificar_region.php on line 17.
 1 APPPATH\Views\form_modificar_region.php(17): CodeIgniter\Debug\Exceptions->errorHandler(2, 'Trying to access array offset on value of type null', 'C:\\xampp\\htdocs\\proyectos2026\\app\\Views\\form_modificar_region.php', 17)
 2 SYSTEMPATH\View\View.php(240): include('C:\\xampp\\htdocs\\proyectos2026\\app\\Views\\form_modificar_region.php')
 3 SYSTEMPATH\View\View.php(243): CodeIgniter\View\View->CodeIgniter\View\{closure}()
 4 SYSTEMPATH\Common.php(1268): CodeIgniter\View\View->render('form_modificar_region', [], true)
 5 APPPATH\Controllers\RegionesController.php(42): view('form_modificar_region', [...])
 6 SYSTEMPATH\CodeIgniter.php(974): App\Controllers\RegionesController->buscar('1007928191909')
 7 SYSTEMPATH\CodeIgniter.php(520): CodeIgniter\CodeIgniter->runController(Object(App\Controllers\RegionesController))
 8 SYSTEMPATH\CodeIgniter.php(363): CodeIgniter\CodeIgniter->handleRequest(null, Object(Config\Cache), false)
 9 SYSTEMPATH\Boot.php(417): CodeIgniter\CodeIgniter->run()
10 SYSTEMPATH\Boot.php(68): CodeIgniter\Boot::runCodeIgniter(Object(CodeIgniter\CodeIgniter))
11 FCPATH\index.php(59): CodeIgniter\Boot::bootWeb(Object(Config\Paths))
CRITICAL - 2026-10-04 04:18:59 --> ErrorException: Trying to access array offset on value of type null
[Method: GET, Route: buscar/1007928191909]
in APPPATH\Views\form_modificar_region.php on line 17.
 1 APPPATH\Views\form_modificar_region.php(17): CodeIgniter\Debug\Exceptions->errorHandler(2, 'Trying to access array offset on value of type null', 'C:\\xampp\\htdocs\\proyectos2026\\app\\Views\\form_modificar_region.php', 17)
 2 SYSTEMPATH\View\View.php(240): include('C:\\xampp\\htdocs\\proyectos2026\\app\\Views\\form_modificar_region.php')
 3 SYSTEMPATH\View\View.php(243): CodeIgniter\View\View->CodeIgniter\View\{closure}()
 4 SYSTEMPATH\Common.php(1268): CodeIgniter\View\View->render('form_modificar_region', [], true)
 5 APPPATH\Controllers\RegionesController.php(42): view('form_modificar_region', [...])
 6 SYSTEMPATH\CodeIgniter.php(974): App\Controllers\RegionesController->buscar('1007928191909')
 7 SYSTEMPATH\CodeIgniter.php(520): CodeIgniter\CodeIgniter->runController(Object(App\Controllers\RegionesController))
 8 SYSTEMPATH\CodeIgniter.php(363): CodeIgniter\CodeIgniter->handleRequest(null, Object(Config\Cache), false)
 9 SYSTEMPATH\Boot.php(417): CodeIgniter\CodeIgniter->run()
10 SYSTEMPATH\Boot.php(68): CodeIgniter\Boot::runCodeIgniter(Object(CodeIgniter\CodeIgniter))
11 FCPATH\index.php(59): CodeIgniter\Boot::bootWeb(Object(Config\Paths))
CRITICAL - 2026-10-04 04:19:00 --> ErrorException: Trying to access array offset on value of type null
[Method: GET, Route: buscar/1007928191909]
in APPPATH\Views\form_modificar_region.php on line 17.
 1 APPPATH\Views\form_modificar_region.php(17): CodeIgniter\Debug\Exceptions->errorHandler(2, 'Trying to access array offset on value of type null', 'C:\\xampp\\htdocs\\proyectos2026\\app\\Views\\form_modificar_region.php', 17)
 2 SYSTEMPATH\View\View.php(240): include('C:\\xampp\\htdocs\\proyectos2026\\app\\Views\\form_modificar_region.php')
 3 SYSTEMPATH\View\View.php(243): CodeIgniter\View\View->CodeIgniter\View\{closure}()
 4 SYSTEMPATH\Common.php(1268): CodeIgniter\View\View->render('form_modificar_region', [], true)
 5 APPPATH\Controllers\RegionesController.php(42): view('form_modificar_region', [...])
 6 SYSTEMPATH\CodeIgniter.php(974): App\Controllers\RegionesController->buscar('1007928191909')
 7 SYSTEMPATH\CodeIgniter.php(520): CodeIgniter\CodeIgniter->runController(Object(App\Controllers\RegionesController))
 8 SYSTEMPATH\CodeIgniter.php(363): CodeIgniter\CodeIgniter->handleRequest(null, Object(Config\Cache), false)
 9 SYSTEMPATH\Boot.php(417): CodeIgniter\CodeIgniter->run()
10 SYSTEMPATH\Boot.php(68): CodeIgniter\Boot::runCodeIgniter(Object(CodeIgniter\CodeIgniter))
11 FCPATH\index.php(59): CodeIgniter\Boot::bootWeb(Object(Config\Paths))
CRITICAL - 2026-10-04 04:22:56 --> ErrorException: Trying to access array offset on value of type null
[Method: GET, Route: buscar/1007928191909]
in APPPATH\Views\form_modificar_region.php on line 17.
 1 APPPATH\Views\form_modificar_region.php(17): CodeIgniter\Debug\Exceptions->errorHandler(2, 'Trying to access array offset on value of type null', 'C:\\xampp\\htdocs\\proyectos2026\\app\\Views\\form_modificar_region.php', 17)
 2 SYSTEMPATH\View\View.php(240): include('C:\\xampp\\htdocs\\proyectos2026\\app\\Views\\form_modificar_region.php')
 3 SYSTEMPATH\View\View.php(243): CodeIgniter\View\View->CodeIgniter\View\{closure}()
 4 SYSTEMPATH\Common.php(1268): CodeIgniter\View\View->render('form_modificar_region', [], true)
 5 APPPATH\Controllers\RegionesController.php(42): view('form_modificar_region', [...])
 6 SYSTEMPATH\CodeIgniter.php(974): App\Controllers\RegionesController->buscar('1007928191909')
 7 SYSTEMPATH\CodeIgniter.php(520): CodeIgniter\CodeIgniter->runController(Object(App\Controllers\RegionesController))
 8 SYSTEMPATH\CodeIgniter.php(363): CodeIgniter\CodeIgniter->handleRequest(null, Object(Config\Cache), false)
 9 SYSTEMPATH\Boot.php(417): CodeIgniter\CodeIgniter->run()
10 SYSTEMPATH\Boot.php(68): CodeIgniter\Boot::runCodeIgniter(Object(CodeIgniter\CodeIgniter))
11 FCPATH\index.php(59): CodeIgniter\Boot::bootWeb(Object(Config\Paths))
CRITICAL - 2026-10-04 05:17:21 --> ParseError: syntax error, unexpected single-quoted string "nombre_municipio", expecting "]"
[Method: GET, Route: municipios]
in APPPATH\Models\MunicipiosModel.php on line 13.
 1 SYSTEMPATH\Autoloader\Autoloader.php(320): CodeIgniter\Autoloader\Autoloader->includeFile('C:\\xampp\\htdocs\\proyectos2026\\app\\Models\\MunicipiosModel.php')
 2 SYSTEMPATH\Autoloader\Autoloader.php(296): CodeIgniter\Autoloader\Autoloader->loadInNamespace('App\\Models\\MunicipiosModel')
 3 APPPATH\Controllers\MunicipiosController.php(10): CodeIgniter\Autoloader\Autoloader->loadClass('App\\Models\\MunicipiosModel')
 4 SYSTEMPATH\CodeIgniter.php(974): App\Controllers\MunicipiosController->index()
 5 SYSTEMPATH\CodeIgniter.php(520): CodeIgniter\CodeIgniter->runController(Object(App\Controllers\MunicipiosController))
 6 SYSTEMPATH\CodeIgniter.php(363): CodeIgniter\CodeIgniter->handleRequest(null, Object(Config\Cache), false)
 7 SYSTEMPATH\Boot.php(417): CodeIgniter\CodeIgniter->run()
 8 SYSTEMPATH\Boot.php(68): CodeIgniter\Boot::runCodeIgniter(Object(CodeIgniter\CodeIgniter))
 9 FCPATH\index.php(59): CodeIgniter\Boot::bootWeb(Object(Config\Paths))
CRITICAL - 2026-10-04 05:19:32 --> ParseError: syntax error, unexpected single-quoted string "nombre_municipio", expecting "]"
[Method: GET, Route: municipios]
in APPPATH\Models\MunicipiosModel.php on line 13.
 1 SYSTEMPATH\Autoloader\Autoloader.php(320): CodeIgniter\Autoloader\Autoloader->includeFile('C:\\xampp\\htdocs\\proyectos2026\\app\\Models\\MunicipiosModel.php')
 2 SYSTEMPATH\Autoloader\Autoloader.php(296): CodeIgniter\Autoloader\Autoloader->loadInNamespace('App\\Models\\MunicipiosModel')
 3 APPPATH\Controllers\MunicipiosController.php(10): CodeIgniter\Autoloader\Autoloader->loadClass('App\\Models\\MunicipiosModel')
 4 SYSTEMPATH\CodeIgniter.php(974): App\Controllers\MunicipiosController->index()
 5 SYSTEMPATH\CodeIgniter.php(520): CodeIgniter\CodeIgniter->runController(Object(App\Controllers\MunicipiosController))
 6 SYSTEMPATH\CodeIgniter.php(363): CodeIgniter\CodeIgniter->handleRequest(null, Object(Config\Cache), false)
 7 SYSTEMPATH\Boot.php(417): CodeIgniter\CodeIgniter->run()
 8 SYSTEMPATH\Boot.php(68): CodeIgniter\Boot::runCodeIgniter(Object(CodeIgniter\CodeIgniter))
 9 FCPATH\index.php(59): CodeIgniter\Boot::bootWeb(Object(Config\Paths))
CRITICAL - 2026-10-04 05:19:33 --> ParseError: syntax error, unexpected single-quoted string "nombre_municipio", expecting "]"
[Method: GET, Route: municipios]
in APPPATH\Models\MunicipiosModel.php on line 13.
 1 SYSTEMPATH\Autoloader\Autoloader.php(320): CodeIgniter\Autoloader\Autoloader->includeFile('C:\\xampp\\htdocs\\proyectos2026\\app\\Models\\MunicipiosModel.php')
 2 SYSTEMPATH\Autoloader\Autoloader.php(296): CodeIgniter\Autoloader\Autoloader->loadInNamespace('App\\Models\\MunicipiosModel')
 3 APPPATH\Controllers\MunicipiosController.php(10): CodeIgniter\Autoloader\Autoloader->loadClass('App\\Models\\MunicipiosModel')
 4 SYSTEMPATH\CodeIgniter.php(974): App\Controllers\MunicipiosController->index()
 5 SYSTEMPATH\CodeIgniter.php(520): CodeIgniter\CodeIgniter->runController(Object(App\Controllers\MunicipiosController))
 6 SYSTEMPATH\CodeIgniter.php(363): CodeIgniter\CodeIgniter->handleRequest(null, Object(Config\Cache), false)
 7 SYSTEMPATH\Boot.php(417): CodeIgniter\CodeIgniter->run()
 8 SYSTEMPATH\Boot.php(68): CodeIgniter\Boot::runCodeIgniter(Object(CodeIgniter\CodeIgniter))
 9 FCPATH\index.php(59): CodeIgniter\Boot::bootWeb(Object(Config\Paths))
CRITICAL - 2026-10-04 05:20:44 --> ErrorException: Undefined variable $region
[Method: GET, Route: municipios]
in APPPATH\Controllers\MunicipiosController.php on line 11.
 1 APPPATH\Controllers\MunicipiosController.php(11): CodeIgniter\Debug\Exceptions->errorHandler(2, 'Undefined variable $region', 'C:\\xampp\\htdocs\\proyectos2026\\app\\Controllers\\MunicipiosController.php', 11)
 2 SYSTEMPATH\CodeIgniter.php(974): App\Controllers\MunicipiosController->index()
 3 SYSTEMPATH\CodeIgniter.php(520): CodeIgniter\CodeIgniter->runController(Object(App\Controllers\MunicipiosController))
 4 SYSTEMPATH\CodeIgniter.php(363): CodeIgniter\CodeIgniter->handleRequest(null, Object(Config\Cache), false)
 5 SYSTEMPATH\Boot.php(417): CodeIgniter\CodeIgniter->run()
 6 SYSTEMPATH\Boot.php(68): CodeIgniter\Boot::runCodeIgniter(Object(CodeIgniter\CodeIgniter))
 7 FCPATH\index.php(59): CodeIgniter\Boot::bootWeb(Object(Config\Paths))
CRITICAL - 2026-10-04 05:20:46 --> ErrorException: Undefined variable $region
[Method: GET, Route: municipios]
in APPPATH\Controllers\MunicipiosController.php on line 11.
 1 APPPATH\Controllers\MunicipiosController.php(11): CodeIgniter\Debug\Exceptions->errorHandler(2, 'Undefined variable $region', 'C:\\xampp\\htdocs\\proyectos2026\\app\\Controllers\\MunicipiosController.php', 11)
 2 SYSTEMPATH\CodeIgniter.php(974): App\Controllers\MunicipiosController->index()
 3 SYSTEMPATH\CodeIgniter.php(520): CodeIgniter\CodeIgniter->runController(Object(App\Controllers\MunicipiosController))
 4 SYSTEMPATH\CodeIgniter.php(363): CodeIgniter\CodeIgniter->handleRequest(null, Object(Config\Cache), false)
 5 SYSTEMPATH\Boot.php(417): CodeIgniter\CodeIgniter->run()
 6 SYSTEMPATH\Boot.php(68): CodeIgniter\Boot::runCodeIgniter(Object(CodeIgniter\CodeIgniter))
 7 FCPATH\index.php(59): CodeIgniter\Boot::bootWeb(Object(Config\Paths))
ERROR - 2026-10-04 05:21:34 --> Cannot add or update a child row: a foreign key constraint fails (`bd_ciudadanos`.`municipios`, CONSTRAINT `municipios_ibfk_1` FOREIGN KEY (`cod_depto`) REFERENCES `departamentos` (`cod_depto`) ON DELETE CASCADE ON UPDATE CASCADE)
in SYSTEMPATH\Database\MySQLi\Connection.php on line 300.
 1 SYSTEMPATH\Database\MySQLi\Connection.php(300): mysqli->query('INSERT INTO `municipios` (`cod_muni`, `nombre_municipio`, `cod_depto`) VALUES (\'200\', \'Metropolitana\', \'13334\')', 0)
 2 SYSTEMPATH\Database\BaseConnection.php(908): CodeIgniter\Database\MySQLi\Connection->execute('INSERT INTO `municipios` (`cod_muni`, `nombre_municipio`, `cod_depto`) VALUES (\'200\', \'Metropolitana\', \'13334\')')
 3 SYSTEMPATH\Database\BaseConnection.php(825): CodeIgniter\Database\BaseConnection->simpleQuery('INSERT INTO `municipios` (`cod_muni`, `nombre_municipio`, `cod_depto`) VALUES (\'200\', \'Metropolitana\', \'13334\')')
 4 SYSTEMPATH\Database\BaseBuilder.php(2355): CodeIgniter\Database\BaseConnection->query('INSERT INTO `municipios` (`cod_muni`, `nombre_municipio`, `cod_depto`) VALUES (:cod_muni:, :nombre_municipio:, :cod_depto:)', [...], false)
 5 SYSTEMPATH\Model.php(357): CodeIgniter\Database\BaseBuilder->insert()
 6 SYSTEMPATH\BaseModel.php(899): CodeIgniter\Model->doInsert([...])
 7 SYSTEMPATH\Model.php(670): CodeIgniter\BaseModel->insert([...], true)
 8 APPPATH\Controllers\MunicipiosController.php(25): CodeIgniter\Model->insert([...])
 9 SYSTEMPATH\CodeIgniter.php(974): App\Controllers\MunicipiosController->insertar()
10 SYSTEMPATH\CodeIgniter.php(520): CodeIgniter\CodeIgniter->runController(Object(App\Controllers\MunicipiosController))
11 SYSTEMPATH\CodeIgniter.php(363): CodeIgniter\CodeIgniter->handleRequest(null, Object(Config\Cache), false)
12 SYSTEMPATH\Boot.php(417): CodeIgniter\CodeIgniter->run()
13 SYSTEMPATH\Boot.php(68): CodeIgniter\Boot::runCodeIgniter(Object(CodeIgniter\CodeIgniter))
14 FCPATH\index.php(59): CodeIgniter\Boot::bootWeb(Object(Config\Paths))
CRITICAL - 2026-10-04 05:21:34 --> CodeIgniter\Database\Exceptions\DatabaseException: Cannot add or update a child row: a foreign key constraint fails (`bd_ciudadanos`.`municipios`, CONSTRAINT `municipios_ibfk_1` FOREIGN KEY (`cod_depto`) REFERENCES `departamentos` (`cod_depto`) ON DELETE CASCADE ON UPDATE CASCADE)
[Method: POST, Route: agregar_municipios]
in SYSTEMPATH\Database\BaseConnection.php on line 863.
 1 SYSTEMPATH\Database\BaseBuilder.php(2355): CodeIgniter\Database\BaseConnection->query('INSERT INTO `municipios` (`cod_muni`, `nombre_municipio`, `cod_depto`) VALUES (:cod_muni:, :nombre_municipio:, :cod_depto:)', [...], false)
 2 SYSTEMPATH\Model.php(357): CodeIgniter\Database\BaseBuilder->insert()
 3 SYSTEMPATH\BaseModel.php(899): CodeIgniter\Model->doInsert([...])
 4 SYSTEMPATH\Model.php(670): CodeIgniter\BaseModel->insert([...], true)
 5 APPPATH\Controllers\MunicipiosController.php(25): CodeIgniter\Model->insert([...])
 6 SYSTEMPATH\CodeIgniter.php(974): App\Controllers\MunicipiosController->insertar()
 7 SYSTEMPATH\CodeIgniter.php(520): CodeIgniter\CodeIgniter->runController(Object(App\Controllers\MunicipiosController))
 8 SYSTEMPATH\CodeIgniter.php(363): CodeIgniter\CodeIgniter->handleRequest(null, Object(Config\Cache), false)
 9 SYSTEMPATH\Boot.php(417): CodeIgniter\CodeIgniter->run()
10 SYSTEMPATH\Boot.php(68): CodeIgniter\Boot::runCodeIgniter(Object(CodeIgniter\CodeIgniter))
11 FCPATH\index.php(59): CodeIgniter\Boot::bootWeb(Object(Config\Paths))
CRITICAL - 2026-10-04 05:21:34 --> [Caused by] CodeIgniter\Database\Exceptions\DatabaseException: Cannot add or update a child row: a foreign key constraint fails (`bd_ciudadanos`.`municipios`, CONSTRAINT `municipios_ibfk_1` FOREIGN KEY (`cod_depto`) REFERENCES `departamentos` (`cod_depto`) ON DELETE CASCADE ON UPDATE CASCADE)
in SYSTEMPATH\Database\MySQLi\Connection.php on line 310.
 1 SYSTEMPATH\Database\BaseConnection.php(908): CodeIgniter\Database\MySQLi\Connection->execute('INSERT INTO `municipios` (`cod_muni`, `nombre_municipio`, `cod_depto`) VALUES (\'200\', \'Metropolitana\', \'13334\')')
 2 SYSTEMPATH\Database\BaseConnection.php(825): CodeIgniter\Database\BaseConnection->simpleQuery('INSERT INTO `municipios` (`cod_muni`, `nombre_municipio`, `cod_depto`) VALUES (\'200\', \'Metropolitana\', \'13334\')')
 3 SYSTEMPATH\Database\BaseBuilder.php(2355): CodeIgniter\Database\BaseConnection->query('INSERT INTO `municipios` (`cod_muni`, `nombre_municipio`, `cod_depto`) VALUES (:cod_muni:, :nombre_municipio:, :cod_depto:)', [...], false)
 4 SYSTEMPATH\Model.php(357): CodeIgniter\Database\BaseBuilder->insert()
 5 SYSTEMPATH\BaseModel.php(899): CodeIgniter\Model->doInsert([...])
 6 SYSTEMPATH\Model.php(670): CodeIgniter\BaseModel->insert([...], true)
 7 APPPATH\Controllers\MunicipiosController.php(25): CodeIgniter\Model->insert([...])
 8 SYSTEMPATH\CodeIgniter.php(974): App\Controllers\MunicipiosController->insertar()
 9 SYSTEMPATH\CodeIgniter.php(520): CodeIgniter\CodeIgniter->runController(Object(App\Controllers\MunicipiosController))
10 SYSTEMPATH\CodeIgniter.php(363): CodeIgniter\CodeIgniter->handleRequest(null, Object(Config\Cache), false)
11 SYSTEMPATH\Boot.php(417): CodeIgniter\CodeIgniter->run()
12 SYSTEMPATH\Boot.php(68): CodeIgniter\Boot::runCodeIgniter(Object(CodeIgniter\CodeIgniter))
13 FCPATH\index.php(59): CodeIgniter\Boot::bootWeb(Object(Config\Paths))
CRITICAL - 2026-10-04 05:21:34 --> [Caused by] mysqli_sql_exception: Cannot add or update a child row: a foreign key constraint fails (`bd_ciudadanos`.`municipios`, CONSTRAINT `municipios_ibfk_1` FOREIGN KEY (`cod_depto`) REFERENCES `departamentos` (`cod_depto`) ON DELETE CASCADE ON UPDATE CASCADE)
in SYSTEMPATH\Database\MySQLi\Connection.php on line 300.
 1 SYSTEMPATH\Database\MySQLi\Connection.php(300): mysqli->query('INSERT INTO `municipios` (`cod_muni`, `nombre_municipio`, `cod_depto`) VALUES (\'200\', \'Metropolitana\', \'13334\')', 0)
 2 SYSTEMPATH\Database\BaseConnection.php(908): CodeIgniter\Database\MySQLi\Connection->execute('INSERT INTO `municipios` (`cod_muni`, `nombre_municipio`, `cod_depto`) VALUES (\'200\', \'Metropolitana\', \'13334\')')
 3 SYSTEMPATH\Database\BaseConnection.php(825): CodeIgniter\Database\BaseConnection->simpleQuery('INSERT INTO `municipios` (`cod_muni`, `nombre_municipio`, `cod_depto`) VALUES (\'200\', \'Metropolitana\', \'13334\')')
 4 SYSTEMPATH\Database\BaseBuilder.php(2355): CodeIgniter\Database\BaseConnection->query('INSERT INTO `municipios` (`cod_muni`, `nombre_municipio`, `cod_depto`) VALUES (:cod_muni:, :nombre_municipio:, :cod_depto:)', [...], false)
 5 SYSTEMPATH\Model.php(357): CodeIgniter\Database\BaseBuilder->insert()
 6 SYSTEMPATH\BaseModel.php(899): CodeIgniter\Model->doInsert([...])
 7 SYSTEMPATH\Model.php(670): CodeIgniter\BaseModel->insert([...], true)
 8 APPPATH\Controllers\MunicipiosController.php(25): CodeIgniter\Model->insert([...])
 9 SYSTEMPATH\CodeIgniter.php(974): App\Controllers\MunicipiosController->insertar()
10 SYSTEMPATH\CodeIgniter.php(520): CodeIgniter\CodeIgniter->runController(Object(App\Controllers\MunicipiosController))
11 SYSTEMPATH\CodeIgniter.php(363): CodeIgniter\CodeIgniter->handleRequest(null, Object(Config\Cache), false)
12 SYSTEMPATH\Boot.php(417): CodeIgniter\CodeIgniter->run()
13 SYSTEMPATH\Boot.php(68): CodeIgniter\Boot::runCodeIgniter(Object(CodeIgniter\CodeIgniter))
14 FCPATH\index.php(59): CodeIgniter\Boot::bootWeb(Object(Config\Paths))
ERROR - 2026-10-04 05:24:49 --> Duplicate entry '104' for key 'PRIMARY'
in SYSTEMPATH\Database\MySQLi\Connection.php on line 300.
 1 SYSTEMPATH\Database\MySQLi\Connection.php(300): mysqli->query('INSERT INTO `municipios` (`cod_muni`, `nombre_municipio`, `cod_depto`) VALUES (\'104\', \'Metropolitana\', \'13334\')', 0)
 2 SYSTEMPATH\Database\BaseConnection.php(908): CodeIgniter\Database\MySQLi\Connection->execute('INSERT INTO `municipios` (`cod_muni`, `nombre_municipio`, `cod_depto`) VALUES (\'104\', \'Metropolitana\', \'13334\')')
 3 SYSTEMPATH\Database\BaseConnection.php(825): CodeIgniter\Database\BaseConnection->simpleQuery('INSERT INTO `municipios` (`cod_muni`, `nombre_municipio`, `cod_depto`) VALUES (\'104\', \'Metropolitana\', \'13334\')')
 4 SYSTEMPATH\Database\BaseBuilder.php(2355): CodeIgniter\Database\BaseConnection->query('INSERT INTO `municipios` (`cod_muni`, `nombre_municipio`, `cod_depto`) VALUES (:cod_muni:, :nombre_municipio:, :cod_depto:)', [...], false)
 5 SYSTEMPATH\Model.php(357): CodeIgniter\Database\BaseBuilder->insert()
 6 SYSTEMPATH\BaseModel.php(899): CodeIgniter\Model->doInsert([...])
 7 SYSTEMPATH\Model.php(670): CodeIgniter\BaseModel->insert([...], true)
 8 APPPATH\Controllers\MunicipiosController.php(25): CodeIgniter\Model->insert([...])
 9 SYSTEMPATH\CodeIgniter.php(974): App\Controllers\MunicipiosController->insertar()
10 SYSTEMPATH\CodeIgniter.php(520): CodeIgniter\CodeIgniter->runController(Object(App\Controllers\MunicipiosController))
11 SYSTEMPATH\CodeIgniter.php(363): CodeIgniter\CodeIgniter->handleRequest(null, Object(Config\Cache), false)
12 SYSTEMPATH\Boot.php(417): CodeIgniter\CodeIgniter->run()
13 SYSTEMPATH\Boot.php(68): CodeIgniter\Boot::runCodeIgniter(Object(CodeIgniter\CodeIgniter))
14 FCPATH\index.php(59): CodeIgniter\Boot::bootWeb(Object(Config\Paths))
CRITICAL - 2026-10-04 05:24:49 --> CodeIgniter\Database\Exceptions\DatabaseException: Duplicate entry '104' for key 'PRIMARY'
[Method: POST, Route: agregar_municipios]
in SYSTEMPATH\Database\BaseConnection.php on line 863.
 1 SYSTEMPATH\Database\BaseBuilder.php(2355): CodeIgniter\Database\BaseConnection->query('INSERT INTO `municipios` (`cod_muni`, `nombre_municipio`, `cod_depto`) VALUES (:cod_muni:, :nombre_municipio:, :cod_depto:)', [...], false)
 2 SYSTEMPATH\Model.php(357): CodeIgniter\Database\BaseBuilder->insert()
 3 SYSTEMPATH\BaseModel.php(899): CodeIgniter\Model->doInsert([...])
 4 SYSTEMPATH\Model.php(670): CodeIgniter\BaseModel->insert([...], true)
 5 APPPATH\Controllers\MunicipiosController.php(25): CodeIgniter\Model->insert([...])
 6 SYSTEMPATH\CodeIgniter.php(974): App\Controllers\MunicipiosController->insertar()
 7 SYSTEMPATH\CodeIgniter.php(520): CodeIgniter\CodeIgniter->runController(Object(App\Controllers\MunicipiosController))
 8 SYSTEMPATH\CodeIgniter.php(363): CodeIgniter\CodeIgniter->handleRequest(null, Object(Config\Cache), false)
 9 SYSTEMPATH\Boot.php(417): CodeIgniter\CodeIgniter->run()
10 SYSTEMPATH\Boot.php(68): CodeIgniter\Boot::runCodeIgniter(Object(CodeIgniter\CodeIgniter))
11 FCPATH\index.php(59): CodeIgniter\Boot::bootWeb(Object(Config\Paths))
CRITICAL - 2026-10-04 05:24:49 --> [Caused by] CodeIgniter\Database\Exceptions\DatabaseException: Duplicate entry '104' for key 'PRIMARY'
in SYSTEMPATH\Database\MySQLi\Connection.php on line 310.
 1 SYSTEMPATH\Database\BaseConnection.php(908): CodeIgniter\Database\MySQLi\Connection->execute('INSERT INTO `municipios` (`cod_muni`, `nombre_municipio`, `cod_depto`) VALUES (\'104\', \'Metropolitana\', \'13334\')')
 2 SYSTEMPATH\Database\BaseConnection.php(825): CodeIgniter\Database\BaseConnection->simpleQuery('INSERT INTO `municipios` (`cod_muni`, `nombre_municipio`, `cod_depto`) VALUES (\'104\', \'Metropolitana\', \'13334\')')
 3 SYSTEMPATH\Database\BaseBuilder.php(2355): CodeIgniter\Database\BaseConnection->query('INSERT INTO `municipios` (`cod_muni`, `nombre_municipio`, `cod_depto`) VALUES (:cod_muni:, :nombre_municipio:, :cod_depto:)', [...], false)
 4 SYSTEMPATH\Model.php(357): CodeIgniter\Database\BaseBuilder->insert()
 5 SYSTEMPATH\BaseModel.php(899): CodeIgniter\Model->doInsert([...])
 6 SYSTEMPATH\Model.php(670): CodeIgniter\BaseModel->insert([...], true)
 7 APPPATH\Controllers\MunicipiosController.php(25): CodeIgniter\Model->insert([...])
 8 SYSTEMPATH\CodeIgniter.php(974): App\Controllers\MunicipiosController->insertar()
 9 SYSTEMPATH\CodeIgniter.php(520): CodeIgniter\CodeIgniter->runController(Object(App\Controllers\MunicipiosController))
10 SYSTEMPATH\CodeIgniter.php(363): CodeIgniter\CodeIgniter->handleRequest(null, Object(Config\Cache), false)
11 SYSTEMPATH\Boot.php(417): CodeIgniter\CodeIgniter->run()
12 SYSTEMPATH\Boot.php(68): CodeIgniter\Boot::runCodeIgniter(Object(CodeIgniter\CodeIgniter))
13 FCPATH\index.php(59): CodeIgniter\Boot::bootWeb(Object(Config\Paths))
CRITICAL - 2026-10-04 05:24:49 --> [Caused by] mysqli_sql_exception: Duplicate entry '104' for key 'PRIMARY'
in SYSTEMPATH\Database\MySQLi\Connection.php on line 300.
 1 SYSTEMPATH\Database\MySQLi\Connection.php(300): mysqli->query('INSERT INTO `municipios` (`cod_muni`, `nombre_municipio`, `cod_depto`) VALUES (\'104\', \'Metropolitana\', \'13334\')', 0)
 2 SYSTEMPATH\Database\BaseConnection.php(908): CodeIgniter\Database\MySQLi\Connection->execute('INSERT INTO `municipios` (`cod_muni`, `nombre_municipio`, `cod_depto`) VALUES (\'104\', \'Metropolitana\', \'13334\')')
 3 SYSTEMPATH\Database\BaseConnection.php(825): CodeIgniter\Database\BaseConnection->simpleQuery('INSERT INTO `municipios` (`cod_muni`, `nombre_municipio`, `cod_depto`) VALUES (\'104\', \'Metropolitana\', \'13334\')')
 4 SYSTEMPATH\Database\BaseBuilder.php(2355): CodeIgniter\Database\BaseConnection->query('INSERT INTO `municipios` (`cod_muni`, `nombre_municipio`, `cod_depto`) VALUES (:cod_muni:, :nombre_municipio:, :cod_depto:)', [...], false)
 5 SYSTEMPATH\Model.php(357): CodeIgniter\Database\BaseBuilder->insert()
 6 SYSTEMPATH\BaseModel.php(899): CodeIgniter\Model->doInsert([...])
 7 SYSTEMPATH\Model.php(670): CodeIgniter\BaseModel->insert([...], true)
 8 APPPATH\Controllers\MunicipiosController.php(25): CodeIgniter\Model->insert([...])
 9 SYSTEMPATH\CodeIgniter.php(974): App\Controllers\MunicipiosController->insertar()
10 SYSTEMPATH\CodeIgniter.php(520): CodeIgniter\CodeIgniter->runController(Object(App\Controllers\MunicipiosController))
11 SYSTEMPATH\CodeIgniter.php(363): CodeIgniter\CodeIgniter->handleRequest(null, Object(Config\Cache), false)
12 SYSTEMPATH\Boot.php(417): CodeIgniter\CodeIgniter->run()
13 SYSTEMPATH\Boot.php(68): CodeIgniter\Boot::runCodeIgniter(Object(CodeIgniter\CodeIgniter))
14 FCPATH\index.php(59): CodeIgniter\Boot::bootWeb(Object(Config\Paths))
ERROR - 2026-10-04 05:25:11 --> Duplicate entry '104' for key 'PRIMARY'
in SYSTEMPATH\Database\MySQLi\Connection.php on line 300.
 1 SYSTEMPATH\Database\MySQLi\Connection.php(300): mysqli->query('INSERT INTO `municipios` (`cod_muni`, `nombre_municipio`, `cod_depto`) VALUES (\'104\', \'Metropolitana\', \'1\')', 0)
 2 SYSTEMPATH\Database\BaseConnection.php(908): CodeIgniter\Database\MySQLi\Connection->execute('INSERT INTO `municipios` (`cod_muni`, `nombre_municipio`, `cod_depto`) VALUES (\'104\', \'Metropolitana\', \'1\')')
 3 SYSTEMPATH\Database\BaseConnection.php(825): CodeIgniter\Database\BaseConnection->simpleQuery('INSERT INTO `municipios` (`cod_muni`, `nombre_municipio`, `cod_depto`) VALUES (\'104\', \'Metropolitana\', \'1\')')
 4 SYSTEMPATH\Database\BaseBuilder.php(2355): CodeIgniter\Database\BaseConnection->query('INSERT INTO `municipios` (`cod_muni`, `nombre_municipio`, `cod_depto`) VALUES (:cod_muni:, :nombre_municipio:, :cod_depto:)', [...], false)
 5 SYSTEMPATH\Model.php(357): CodeIgniter\Database\BaseBuilder->insert()
 6 SYSTEMPATH\BaseModel.php(899): CodeIgniter\Model->doInsert([...])
 7 SYSTEMPATH\Model.php(670): CodeIgniter\BaseModel->insert([...], true)
 8 APPPATH\Controllers\MunicipiosController.php(25): CodeIgniter\Model->insert([...])
 9 SYSTEMPATH\CodeIgniter.php(974): App\Controllers\MunicipiosController->insertar()
10 SYSTEMPATH\CodeIgniter.php(520): CodeIgniter\CodeIgniter->runController(Object(App\Controllers\MunicipiosController))
11 SYSTEMPATH\CodeIgniter.php(363): CodeIgniter\CodeIgniter->handleRequest(null, Object(Config\Cache), false)
12 SYSTEMPATH\Boot.php(417): CodeIgniter\CodeIgniter->run()
13 SYSTEMPATH\Boot.php(68): CodeIgniter\Boot::runCodeIgniter(Object(CodeIgniter\CodeIgniter))
14 FCPATH\index.php(59): CodeIgniter\Boot::bootWeb(Object(Config\Paths))
CRITICAL - 2026-10-04 05:25:11 --> CodeIgniter\Database\Exceptions\DatabaseException: Duplicate entry '104' for key 'PRIMARY'
[Method: POST, Route: agregar_municipios]
in SYSTEMPATH\Database\BaseConnection.php on line 863.
 1 SYSTEMPATH\Database\BaseBuilder.php(2355): CodeIgniter\Database\BaseConnection->query('INSERT INTO `municipios` (`cod_muni`, `nombre_municipio`, `cod_depto`) VALUES (:cod_muni:, :nombre_municipio:, :cod_depto:)', [...], false)
 2 SYSTEMPATH\Model.php(357): CodeIgniter\Database\BaseBuilder->insert()
 3 SYSTEMPATH\BaseModel.php(899): CodeIgniter\Model->doInsert([...])
 4 SYSTEMPATH\Model.php(670): CodeIgniter\BaseModel->insert([...], true)
 5 APPPATH\Controllers\MunicipiosController.php(25): CodeIgniter\Model->insert([...])
 6 SYSTEMPATH\CodeIgniter.php(974): App\Controllers\MunicipiosController->insertar()
 7 SYSTEMPATH\CodeIgniter.php(520): CodeIgniter\CodeIgniter->runController(Object(App\Controllers\MunicipiosController))
 8 SYSTEMPATH\CodeIgniter.php(363): CodeIgniter\CodeIgniter->handleRequest(null, Object(Config\Cache), false)
 9 SYSTEMPATH\Boot.php(417): CodeIgniter\CodeIgniter->run()
10 SYSTEMPATH\Boot.php(68): CodeIgniter\Boot::runCodeIgniter(Object(CodeIgniter\CodeIgniter))
11 FCPATH\index.php(59): CodeIgniter\Boot::bootWeb(Object(Config\Paths))
CRITICAL - 2026-10-04 05:25:11 --> [Caused by] CodeIgniter\Database\Exceptions\DatabaseException: Duplicate entry '104' for key 'PRIMARY'
in SYSTEMPATH\Database\MySQLi\Connection.php on line 310.
 1 SYSTEMPATH\Database\BaseConnection.php(908): CodeIgniter\Database\MySQLi\Connection->execute('INSERT INTO `municipios` (`cod_muni`, `nombre_municipio`, `cod_depto`) VALUES (\'104\', \'Metropolitana\', \'1\')')
 2 SYSTEMPATH\Database\BaseConnection.php(825): CodeIgniter\Database\BaseConnection->simpleQuery('INSERT INTO `municipios` (`cod_muni`, `nombre_municipio`, `cod_depto`) VALUES (\'104\', \'Metropolitana\', \'1\')')
 3 SYSTEMPATH\Database\BaseBuilder.php(2355): CodeIgniter\Database\BaseConnection->query('INSERT INTO `municipios` (`cod_muni`, `nombre_municipio`, `cod_depto`) VALUES (:cod_muni:, :nombre_municipio:, :cod_depto:)', [...], false)
 4 SYSTEMPATH\Model.php(357): CodeIgniter\Database\BaseBuilder->insert()
 5 SYSTEMPATH\BaseModel.php(899): CodeIgniter\Model->doInsert([...])
 6 SYSTEMPATH\Model.php(670): CodeIgniter\BaseModel->insert([...], true)
 7 APPPATH\Controllers\MunicipiosController.php(25): CodeIgniter\Model->insert([...])
 8 SYSTEMPATH\CodeIgniter.php(974): App\Controllers\MunicipiosController->insertar()
 9 SYSTEMPATH\CodeIgniter.php(520): CodeIgniter\CodeIgniter->runController(Object(App\Controllers\MunicipiosController))
10 SYSTEMPATH\CodeIgniter.php(363): CodeIgniter\CodeIgniter->handleRequest(null, Object(Config\Cache), false)
11 SYSTEMPATH\Boot.php(417): CodeIgniter\CodeIgniter->run()
12 SYSTEMPATH\Boot.php(68): CodeIgniter\Boot::runCodeIgniter(Object(CodeIgniter\CodeIgniter))
13 FCPATH\index.php(59): CodeIgniter\Boot::bootWeb(Object(Config\Paths))
CRITICAL - 2026-10-04 05:25:11 --> [Caused by] mysqli_sql_exception: Duplicate entry '104' for key 'PRIMARY'
in SYSTEMPATH\Database\MySQLi\Connection.php on line 300.
 1 SYSTEMPATH\Database\MySQLi\Connection.php(300): mysqli->query('INSERT INTO `municipios` (`cod_muni`, `nombre_municipio`, `cod_depto`) VALUES (\'104\', \'Metropolitana\', \'1\')', 0)
 2 SYSTEMPATH\Database\BaseConnection.php(908): CodeIgniter\Database\MySQLi\Connection->execute('INSERT INTO `municipios` (`cod_muni`, `nombre_municipio`, `cod_depto`) VALUES (\'104\', \'Metropolitana\', \'1\')')
 3 SYSTEMPATH\Database\BaseConnection.php(825): CodeIgniter\Database\BaseConnection->simpleQuery('INSERT INTO `municipios` (`cod_muni`, `nombre_municipio`, `cod_depto`) VALUES (\'104\', \'Metropolitana\', \'1\')')
 4 SYSTEMPATH\Database\BaseBuilder.php(2355): CodeIgniter\Database\BaseConnection->query('INSERT INTO `municipios` (`cod_muni`, `nombre_municipio`, `cod_depto`) VALUES (:cod_muni:, :nombre_municipio:, :cod_depto:)', [...], false)
 5 SYSTEMPATH\Model.php(357): CodeIgniter\Database\BaseBuilder->insert()
 6 SYSTEMPATH\BaseModel.php(899): CodeIgniter\Model->doInsert([...])
 7 SYSTEMPATH\Model.php(670): CodeIgniter\BaseModel->insert([...], true)
 8 APPPATH\Controllers\MunicipiosController.php(25): CodeIgniter\Model->insert([...])
 9 SYSTEMPATH\CodeIgniter.php(974): App\Controllers\MunicipiosController->insertar()
10 SYSTEMPATH\CodeIgniter.php(520): CodeIgniter\CodeIgniter->runController(Object(App\Controllers\MunicipiosController))
11 SYSTEMPATH\CodeIgniter.php(363): CodeIgniter\CodeIgniter->handleRequest(null, Object(Config\Cache), false)
12 SYSTEMPATH\Boot.php(417): CodeIgniter\CodeIgniter->run()
13 SYSTEMPATH\Boot.php(68): CodeIgniter\Boot::runCodeIgniter(Object(CodeIgniter\CodeIgniter))
14 FCPATH\index.php(59): CodeIgniter\Boot::bootWeb(Object(Config\Paths))
ERROR - 2026-10-04 05:25:23 --> Duplicate entry '104' for key 'PRIMARY'
in SYSTEMPATH\Database\MySQLi\Connection.php on line 300.
 1 SYSTEMPATH\Database\MySQLi\Connection.php(300): mysqli->query('INSERT INTO `municipios` (`cod_muni`, `nombre_municipio`, `cod_depto`) VALUES (\'104\', \'Metropolitana\', \'8\')', 0)
 2 SYSTEMPATH\Database\BaseConnection.php(908): CodeIgniter\Database\MySQLi\Connection->execute('INSERT INTO `municipios` (`cod_muni`, `nombre_municipio`, `cod_depto`) VALUES (\'104\', \'Metropolitana\', \'8\')')
 3 SYSTEMPATH\Database\BaseConnection.php(825): CodeIgniter\Database\BaseConnection->simpleQuery('INSERT INTO `municipios` (`cod_muni`, `nombre_municipio`, `cod_depto`) VALUES (\'104\', \'Metropolitana\', \'8\')')
 4 SYSTEMPATH\Database\BaseBuilder.php(2355): CodeIgniter\Database\BaseConnection->query('INSERT INTO `municipios` (`cod_muni`, `nombre_municipio`, `cod_depto`) VALUES (:cod_muni:, :nombre_municipio:, :cod_depto:)', [...], false)
 5 SYSTEMPATH\Model.php(357): CodeIgniter\Database\BaseBuilder->insert()
 6 SYSTEMPATH\BaseModel.php(899): CodeIgniter\Model->doInsert([...])
 7 SYSTEMPATH\Model.php(670): CodeIgniter\BaseModel->insert([...], true)
 8 APPPATH\Controllers\MunicipiosController.php(25): CodeIgniter\Model->insert([...])
 9 SYSTEMPATH\CodeIgniter.php(974): App\Controllers\MunicipiosController->insertar()
10 SYSTEMPATH\CodeIgniter.php(520): CodeIgniter\CodeIgniter->runController(Object(App\Controllers\MunicipiosController))
11 SYSTEMPATH\CodeIgniter.php(363): CodeIgniter\CodeIgniter->handleRequest(null, Object(Config\Cache), false)
12 SYSTEMPATH\Boot.php(417): CodeIgniter\CodeIgniter->run()
13 SYSTEMPATH\Boot.php(68): CodeIgniter\Boot::runCodeIgniter(Object(CodeIgniter\CodeIgniter))
14 FCPATH\index.php(59): CodeIgniter\Boot::bootWeb(Object(Config\Paths))
CRITICAL - 2026-10-04 05:25:23 --> CodeIgniter\Database\Exceptions\DatabaseException: Duplicate entry '104' for key 'PRIMARY'
[Method: POST, Route: agregar_municipios]
in SYSTEMPATH\Database\BaseConnection.php on line 863.
 1 SYSTEMPATH\Database\BaseBuilder.php(2355): CodeIgniter\Database\BaseConnection->query('INSERT INTO `municipios` (`cod_muni`, `nombre_municipio`, `cod_depto`) VALUES (:cod_muni:, :nombre_municipio:, :cod_depto:)', [...], false)
 2 SYSTEMPATH\Model.php(357): CodeIgniter\Database\BaseBuilder->insert()
 3 SYSTEMPATH\BaseModel.php(899): CodeIgniter\Model->doInsert([...])
 4 SYSTEMPATH\Model.php(670): CodeIgniter\BaseModel->insert([...], true)
 5 APPPATH\Controllers\MunicipiosController.php(25): CodeIgniter\Model->insert([...])
 6 SYSTEMPATH\CodeIgniter.php(974): App\Controllers\MunicipiosController->insertar()
 7 SYSTEMPATH\CodeIgniter.php(520): CodeIgniter\CodeIgniter->runController(Object(App\Controllers\MunicipiosController))
 8 SYSTEMPATH\CodeIgniter.php(363): CodeIgniter\CodeIgniter->handleRequest(null, Object(Config\Cache), false)
 9 SYSTEMPATH\Boot.php(417): CodeIgniter\CodeIgniter->run()
10 SYSTEMPATH\Boot.php(68): CodeIgniter\Boot::runCodeIgniter(Object(CodeIgniter\CodeIgniter))
11 FCPATH\index.php(59): CodeIgniter\Boot::bootWeb(Object(Config\Paths))
CRITICAL - 2026-10-04 05:25:23 --> [Caused by] CodeIgniter\Database\Exceptions\DatabaseException: Duplicate entry '104' for key 'PRIMARY'
in SYSTEMPATH\Database\MySQLi\Connection.php on line 310.
 1 SYSTEMPATH\Database\BaseConnection.php(908): CodeIgniter\Database\MySQLi\Connection->execute('INSERT INTO `municipios` (`cod_muni`, `nombre_municipio`, `cod_depto`) VALUES (\'104\', \'Metropolitana\', \'8\')')
 2 SYSTEMPATH\Database\BaseConnection.php(825): CodeIgniter\Database\BaseConnection->simpleQuery('INSERT INTO `municipios` (`cod_muni`, `nombre_municipio`, `cod_depto`) VALUES (\'104\', \'Metropolitana\', \'8\')')
 3 SYSTEMPATH\Database\BaseBuilder.php(2355): CodeIgniter\Database\BaseConnection->query('INSERT INTO `municipios` (`cod_muni`, `nombre_municipio`, `cod_depto`) VALUES (:cod_muni:, :nombre_municipio:, :cod_depto:)', [...], false)
 4 SYSTEMPATH\Model.php(357): CodeIgniter\Database\BaseBuilder->insert()
 5 SYSTEMPATH\BaseModel.php(899): CodeIgniter\Model->doInsert([...])
 6 SYSTEMPATH\Model.php(670): CodeIgniter\BaseModel->insert([...], true)
 7 APPPATH\Controllers\MunicipiosController.php(25): CodeIgniter\Model->insert([...])
 8 SYSTEMPATH\CodeIgniter.php(974): App\Controllers\MunicipiosController->insertar()
 9 SYSTEMPATH\CodeIgniter.php(520): CodeIgniter\CodeIgniter->runController(Object(App\Controllers\MunicipiosController))
10 SYSTEMPATH\CodeIgniter.php(363): CodeIgniter\CodeIgniter->handleRequest(null, Object(Config\Cache), false)
11 SYSTEMPATH\Boot.php(417): CodeIgniter\CodeIgniter->run()
12 SYSTEMPATH\Boot.php(68): CodeIgniter\Boot::runCodeIgniter(Object(CodeIgniter\CodeIgniter))
13 FCPATH\index.php(59): CodeIgniter\Boot::bootWeb(Object(Config\Paths))
CRITICAL - 2026-10-04 05:25:23 --> [Caused by] mysqli_sql_exception: Duplicate entry '104' for key 'PRIMARY'
in SYSTEMPATH\Database\MySQLi\Connection.php on line 300.
 1 SYSTEMPATH\Database\MySQLi\Connection.php(300): mysqli->query('INSERT INTO `municipios` (`cod_muni`, `nombre_municipio`, `cod_depto`) VALUES (\'104\', \'Metropolitana\', \'8\')', 0)
 2 SYSTEMPATH\Database\BaseConnection.php(908): CodeIgniter\Database\MySQLi\Connection->execute('INSERT INTO `municipios` (`cod_muni`, `nombre_municipio`, `cod_depto`) VALUES (\'104\', \'Metropolitana\', \'8\')')
 3 SYSTEMPATH\Database\BaseConnection.php(825): CodeIgniter\Database\BaseConnection->simpleQuery('INSERT INTO `municipios` (`cod_muni`, `nombre_municipio`, `cod_depto`) VALUES (\'104\', \'Metropolitana\', \'8\')')
 4 SYSTEMPATH\Database\BaseBuilder.php(2355): CodeIgniter\Database\BaseConnection->query('INSERT INTO `municipios` (`cod_muni`, `nombre_municipio`, `cod_depto`) VALUES (:cod_muni:, :nombre_municipio:, :cod_depto:)', [...], false)
 5 SYSTEMPATH\Model.php(357): CodeIgniter\Database\BaseBuilder->insert()
 6 SYSTEMPATH\BaseModel.php(899): CodeIgniter\Model->doInsert([...])
 7 SYSTEMPATH\Model.php(670): CodeIgniter\BaseModel->insert([...], true)
 8 APPPATH\Controllers\MunicipiosController.php(25): CodeIgniter\Model->insert([...])
 9 SYSTEMPATH\CodeIgniter.php(974): App\Controllers\MunicipiosController->insertar()
10 SYSTEMPATH\CodeIgniter.php(520): CodeIgniter\CodeIgniter->runController(Object(App\Controllers\MunicipiosController))
11 SYSTEMPATH\CodeIgniter.php(363): CodeIgniter\CodeIgniter->handleRequest(null, Object(Config\Cache), false)
12 SYSTEMPATH\Boot.php(417): CodeIgniter\CodeIgniter->run()
13 SYSTEMPATH\Boot.php(68): CodeIgniter\Boot::runCodeIgniter(Object(CodeIgniter\CodeIgniter))
14 FCPATH\index.php(59): CodeIgniter\Boot::bootWeb(Object(Config\Paths))
ERROR - 2026-10-04 05:27:04 --> Duplicate entry '101' for key 'PRIMARY'
in SYSTEMPATH\Database\MySQLi\Connection.php on line 300.
 1 SYSTEMPATH\Database\MySQLi\Connection.php(300): mysqli->query('INSERT INTO `municipios` (`cod_muni`, `nombre_municipio`, `cod_depto`) VALUES (\'101\', \'Metropolitana\', \'1\')', 0)
 2 SYSTEMPATH\Database\BaseConnection.php(908): CodeIgniter\Database\MySQLi\Connection->execute('INSERT INTO `municipios` (`cod_muni`, `nombre_municipio`, `cod_depto`) VALUES (\'101\', \'Metropolitana\', \'1\')')
 3 SYSTEMPATH\Database\BaseConnection.php(825): CodeIgniter\Database\BaseConnection->simpleQuery('INSERT INTO `municipios` (`cod_muni`, `nombre_municipio`, `cod_depto`) VALUES (\'101\', \'Metropolitana\', \'1\')')
 4 SYSTEMPATH\Database\BaseBuilder.php(2355): CodeIgniter\Database\BaseConnection->query('INSERT INTO `municipios` (`cod_muni`, `nombre_municipio`, `cod_depto`) VALUES (:cod_muni:, :nombre_municipio:, :cod_depto:)', [...], false)
 5 SYSTEMPATH\Model.php(357): CodeIgniter\Database\BaseBuilder->insert()
 6 SYSTEMPATH\BaseModel.php(899): CodeIgniter\Model->doInsert([...])
 7 SYSTEMPATH\Model.php(670): CodeIgniter\BaseModel->insert([...], true)
 8 APPPATH\Controllers\MunicipiosController.php(25): CodeIgniter\Model->insert([...])
 9 SYSTEMPATH\CodeIgniter.php(974): App\Controllers\MunicipiosController->insertar()
10 SYSTEMPATH\CodeIgniter.php(520): CodeIgniter\CodeIgniter->runController(Object(App\Controllers\MunicipiosController))
11 SYSTEMPATH\CodeIgniter.php(363): CodeIgniter\CodeIgniter->handleRequest(null, Object(Config\Cache), false)
12 SYSTEMPATH\Boot.php(417): CodeIgniter\CodeIgniter->run()
13 SYSTEMPATH\Boot.php(68): CodeIgniter\Boot::runCodeIgniter(Object(CodeIgniter\CodeIgniter))
14 FCPATH\index.php(59): CodeIgniter\Boot::bootWeb(Object(Config\Paths))
CRITICAL - 2026-10-04 05:27:04 --> CodeIgniter\Database\Exceptions\DatabaseException: Duplicate entry '101' for key 'PRIMARY'
[Method: POST, Route: agregar_municipios]
in SYSTEMPATH\Database\BaseConnection.php on line 863.
 1 SYSTEMPATH\Database\BaseBuilder.php(2355): CodeIgniter\Database\BaseConnection->query('INSERT INTO `municipios` (`cod_muni`, `nombre_municipio`, `cod_depto`) VALUES (:cod_muni:, :nombre_municipio:, :cod_depto:)', [...], false)
 2 SYSTEMPATH\Model.php(357): CodeIgniter\Database\BaseBuilder->insert()
 3 SYSTEMPATH\BaseModel.php(899): CodeIgniter\Model->doInsert([...])
 4 SYSTEMPATH\Model.php(670): CodeIgniter\BaseModel->insert([...], true)
 5 APPPATH\Controllers\MunicipiosController.php(25): CodeIgniter\Model->insert([...])
 6 SYSTEMPATH\CodeIgniter.php(974): App\Controllers\MunicipiosController->insertar()
 7 SYSTEMPATH\CodeIgniter.php(520): CodeIgniter\CodeIgniter->runController(Object(App\Controllers\MunicipiosController))
 8 SYSTEMPATH\CodeIgniter.php(363): CodeIgniter\CodeIgniter->handleRequest(null, Object(Config\Cache), false)
 9 SYSTEMPATH\Boot.php(417): CodeIgniter\CodeIgniter->run()
10 SYSTEMPATH\Boot.php(68): CodeIgniter\Boot::runCodeIgniter(Object(CodeIgniter\CodeIgniter))
11 FCPATH\index.php(59): CodeIgniter\Boot::bootWeb(Object(Config\Paths))
CRITICAL - 2026-10-04 05:27:04 --> [Caused by] CodeIgniter\Database\Exceptions\DatabaseException: Duplicate entry '101' for key 'PRIMARY'
in SYSTEMPATH\Database\MySQLi\Connection.php on line 310.
 1 SYSTEMPATH\Database\BaseConnection.php(908): CodeIgniter\Database\MySQLi\Connection->execute('INSERT INTO `municipios` (`cod_muni`, `nombre_municipio`, `cod_depto`) VALUES (\'101\', \'Metropolitana\', \'1\')')
 2 SYSTEMPATH\Database\BaseConnection.php(825): CodeIgniter\Database\BaseConnection->simpleQuery('INSERT INTO `municipios` (`cod_muni`, `nombre_municipio`, `cod_depto`) VALUES (\'101\', \'Metropolitana\', \'1\')')
 3 SYSTEMPATH\Database\BaseBuilder.php(2355): CodeIgniter\Database\BaseConnection->query('INSERT INTO `municipios` (`cod_muni`, `nombre_municipio`, `cod_depto`) VALUES (:cod_muni:, :nombre_municipio:, :cod_depto:)', [...], false)
 4 SYSTEMPATH\Model.php(357): CodeIgniter\Database\BaseBuilder->insert()
 5 SYSTEMPATH\BaseModel.php(899): CodeIgniter\Model->doInsert([...])
 6 SYSTEMPATH\Model.php(670): CodeIgniter\BaseModel->insert([...], true)
 7 APPPATH\Controllers\MunicipiosController.php(25): CodeIgniter\Model->insert([...])
 8 SYSTEMPATH\CodeIgniter.php(974): App\Controllers\MunicipiosController->insertar()
 9 SYSTEMPATH\CodeIgniter.php(520): CodeIgniter\CodeIgniter->runController(Object(App\Controllers\MunicipiosController))
10 SYSTEMPATH\CodeIgniter.php(363): CodeIgniter\CodeIgniter->handleRequest(null, Object(Config\Cache), false)
11 SYSTEMPATH\Boot.php(417): CodeIgniter\CodeIgniter->run()
12 SYSTEMPATH\Boot.php(68): CodeIgniter\Boot::runCodeIgniter(Object(CodeIgniter\CodeIgniter))
13 FCPATH\index.php(59): CodeIgniter\Boot::bootWeb(Object(Config\Paths))
CRITICAL - 2026-10-04 05:27:04 --> [Caused by] mysqli_sql_exception: Duplicate entry '101' for key 'PRIMARY'
in SYSTEMPATH\Database\MySQLi\Connection.php on line 300.
 1 SYSTEMPATH\Database\MySQLi\Connection.php(300): mysqli->query('INSERT INTO `municipios` (`cod_muni`, `nombre_municipio`, `cod_depto`) VALUES (\'101\', \'Metropolitana\', \'1\')', 0)
 2 SYSTEMPATH\Database\BaseConnection.php(908): CodeIgniter\Database\MySQLi\Connection->execute('INSERT INTO `municipios` (`cod_muni`, `nombre_municipio`, `cod_depto`) VALUES (\'101\', \'Metropolitana\', \'1\')')
 3 SYSTEMPATH\Database\BaseConnection.php(825): CodeIgniter\Database\BaseConnection->simpleQuery('INSERT INTO `municipios` (`cod_muni`, `nombre_municipio`, `cod_depto`) VALUES (\'101\', \'Metropolitana\', \'1\')')
 4 SYSTEMPATH\Database\BaseBuilder.php(2355): CodeIgniter\Database\BaseConnection->query('INSERT INTO `municipios` (`cod_muni`, `nombre_municipio`, `cod_depto`) VALUES (:cod_muni:, :nombre_municipio:, :cod_depto:)', [...], false)
 5 SYSTEMPATH\Model.php(357): CodeIgniter\Database\BaseBuilder->insert()
 6 SYSTEMPATH\BaseModel.php(899): CodeIgniter\Model->doInsert([...])
 7 SYSTEMPATH\Model.php(670): CodeIgniter\BaseModel->insert([...], true)
 8 APPPATH\Controllers\MunicipiosController.php(25): CodeIgniter\Model->insert([...])
 9 SYSTEMPATH\CodeIgniter.php(974): App\Controllers\MunicipiosController->insertar()
10 SYSTEMPATH\CodeIgniter.php(520): CodeIgniter\CodeIgniter->runController(Object(App\Controllers\MunicipiosController))
11 SYSTEMPATH\CodeIgniter.php(363): CodeIgniter\CodeIgniter->handleRequest(null, Object(Config\Cache), false)
12 SYSTEMPATH\Boot.php(417): CodeIgniter\CodeIgniter->run()
13 SYSTEMPATH\Boot.php(68): CodeIgniter\Boot::runCodeIgniter(Object(CodeIgniter\CodeIgniter))
14 FCPATH\index.php(59): CodeIgniter\Boot::bootWeb(Object(Config\Paths))
ERROR - 2026-10-04 05:27:18 --> Duplicate entry '200' for key 'PRIMARY'
in SYSTEMPATH\Database\MySQLi\Connection.php on line 300.
 1 SYSTEMPATH\Database\MySQLi\Connection.php(300): mysqli->query('INSERT INTO `municipios` (`cod_muni`, `nombre_municipio`, `cod_depto`) VALUES (\'200\', \'Metropolitana\', \'200\')', 0)
 2 SYSTEMPATH\Database\BaseConnection.php(908): CodeIgniter\Database\MySQLi\Connection->execute('INSERT INTO `municipios` (`cod_muni`, `nombre_municipio`, `cod_depto`) VALUES (\'200\', \'Metropolitana\', \'200\')')
 3 SYSTEMPATH\Database\BaseConnection.php(825): CodeIgniter\Database\BaseConnection->simpleQuery('INSERT INTO `municipios` (`cod_muni`, `nombre_municipio`, `cod_depto`) VALUES (\'200\', \'Metropolitana\', \'200\')')
 4 SYSTEMPATH\Database\BaseBuilder.php(2355): CodeIgniter\Database\BaseConnection->query('INSERT INTO `municipios` (`cod_muni`, `nombre_municipio`, `cod_depto`) VALUES (:cod_muni:, :nombre_municipio:, :cod_depto:)', [...], false)
 5 SYSTEMPATH\Model.php(357): CodeIgniter\Database\BaseBuilder->insert()
 6 SYSTEMPATH\BaseModel.php(899): CodeIgniter\Model->doInsert([...])
 7 SYSTEMPATH\Model.php(670): CodeIgniter\BaseModel->insert([...], true)
 8 APPPATH\Controllers\MunicipiosController.php(25): CodeIgniter\Model->insert([...])
 9 SYSTEMPATH\CodeIgniter.php(974): App\Controllers\MunicipiosController->insertar()
10 SYSTEMPATH\CodeIgniter.php(520): CodeIgniter\CodeIgniter->runController(Object(App\Controllers\MunicipiosController))
11 SYSTEMPATH\CodeIgniter.php(363): CodeIgniter\CodeIgniter->handleRequest(null, Object(Config\Cache), false)
12 SYSTEMPATH\Boot.php(417): CodeIgniter\CodeIgniter->run()
13 SYSTEMPATH\Boot.php(68): CodeIgniter\Boot::runCodeIgniter(Object(CodeIgniter\CodeIgniter))
14 FCPATH\index.php(59): CodeIgniter\Boot::bootWeb(Object(Config\Paths))
CRITICAL - 2026-10-04 05:27:18 --> CodeIgniter\Database\Exceptions\DatabaseException: Duplicate entry '200' for key 'PRIMARY'
[Method: POST, Route: agregar_municipios]
in SYSTEMPATH\Database\BaseConnection.php on line 863.
 1 SYSTEMPATH\Database\BaseBuilder.php(2355): CodeIgniter\Database\BaseConnection->query('INSERT INTO `municipios` (`cod_muni`, `nombre_municipio`, `cod_depto`) VALUES (:cod_muni:, :nombre_municipio:, :cod_depto:)', [...], false)
 2 SYSTEMPATH\Model.php(357): CodeIgniter\Database\BaseBuilder->insert()
 3 SYSTEMPATH\BaseModel.php(899): CodeIgniter\Model->doInsert([...])
 4 SYSTEMPATH\Model.php(670): CodeIgniter\BaseModel->insert([...], true)
 5 APPPATH\Controllers\MunicipiosController.php(25): CodeIgniter\Model->insert([...])
 6 SYSTEMPATH\CodeIgniter.php(974): App\Controllers\MunicipiosController->insertar()
 7 SYSTEMPATH\CodeIgniter.php(520): CodeIgniter\CodeIgniter->runController(Object(App\Controllers\MunicipiosController))
 8 SYSTEMPATH\CodeIgniter.php(363): CodeIgniter\CodeIgniter->handleRequest(null, Object(Config\Cache), false)
 9 SYSTEMPATH\Boot.php(417): CodeIgniter\CodeIgniter->run()
10 SYSTEMPATH\Boot.php(68): CodeIgniter\Boot::runCodeIgniter(Object(CodeIgniter\CodeIgniter))
11 FCPATH\index.php(59): CodeIgniter\Boot::bootWeb(Object(Config\Paths))
CRITICAL - 2026-10-04 05:27:18 --> [Caused by] CodeIgniter\Database\Exceptions\DatabaseException: Duplicate entry '200' for key 'PRIMARY'
in SYSTEMPATH\Database\MySQLi\Connection.php on line 310.
 1 SYSTEMPATH\Database\BaseConnection.php(908): CodeIgniter\Database\MySQLi\Connection->execute('INSERT INTO `municipios` (`cod_muni`, `nombre_municipio`, `cod_depto`) VALUES (\'200\', \'Metropolitana\', \'200\')')
 2 SYSTEMPATH\Database\BaseConnection.php(825): CodeIgniter\Database\BaseConnection->simpleQuery('INSERT INTO `municipios` (`cod_muni`, `nombre_municipio`, `cod_depto`) VALUES (\'200\', \'Metropolitana\', \'200\')')
 3 SYSTEMPATH\Database\BaseBuilder.php(2355): CodeIgniter\Database\BaseConnection->query('INSERT INTO `municipios` (`cod_muni`, `nombre_municipio`, `cod_depto`) VALUES (:cod_muni:, :nombre_municipio:, :cod_depto:)', [...], false)
 4 SYSTEMPATH\Model.php(357): CodeIgniter\Database\BaseBuilder->insert()
 5 SYSTEMPATH\BaseModel.php(899): CodeIgniter\Model->doInsert([...])
 6 SYSTEMPATH\Model.php(670): CodeIgniter\BaseModel->insert([...], true)
 7 APPPATH\Controllers\MunicipiosController.php(25): CodeIgniter\Model->insert([...])
 8 SYSTEMPATH\CodeIgniter.php(974): App\Controllers\MunicipiosController->insertar()
 9 SYSTEMPATH\CodeIgniter.php(520): CodeIgniter\CodeIgniter->runController(Object(App\Controllers\MunicipiosController))
10 SYSTEMPATH\CodeIgniter.php(363): CodeIgniter\CodeIgniter->handleRequest(null, Object(Config\Cache), false)
11 SYSTEMPATH\Boot.php(417): CodeIgniter\CodeIgniter->run()
12 SYSTEMPATH\Boot.php(68): CodeIgniter\Boot::runCodeIgniter(Object(CodeIgniter\CodeIgniter))
13 FCPATH\index.php(59): CodeIgniter\Boot::bootWeb(Object(Config\Paths))
CRITICAL - 2026-10-04 05:27:18 --> [Caused by] mysqli_sql_exception: Duplicate entry '200' for key 'PRIMARY'
in SYSTEMPATH\Database\MySQLi\Connection.php on line 300.
 1 SYSTEMPATH\Database\MySQLi\Connection.php(300): mysqli->query('INSERT INTO `municipios` (`cod_muni`, `nombre_municipio`, `cod_depto`) VALUES (\'200\', \'Metropolitana\', \'200\')', 0)
 2 SYSTEMPATH\Database\BaseConnection.php(908): CodeIgniter\Database\MySQLi\Connection->execute('INSERT INTO `municipios` (`cod_muni`, `nombre_municipio`, `cod_depto`) VALUES (\'200\', \'Metropolitana\', \'200\')')
 3 SYSTEMPATH\Database\BaseConnection.php(825): CodeIgniter\Database\BaseConnection->simpleQuery('INSERT INTO `municipios` (`cod_muni`, `nombre_municipio`, `cod_depto`) VALUES (\'200\', \'Metropolitana\', \'200\')')
 4 SYSTEMPATH\Database\BaseBuilder.php(2355): CodeIgniter\Database\BaseConnection->query('INSERT INTO `municipios` (`cod_muni`, `nombre_municipio`, `cod_depto`) VALUES (:cod_muni:, :nombre_municipio:, :cod_depto:)', [...], false)
 5 SYSTEMPATH\Model.php(357): CodeIgniter\Database\BaseBuilder->insert()
 6 SYSTEMPATH\BaseModel.php(899): CodeIgniter\Model->doInsert([...])
 7 SYSTEMPATH\Model.php(670): CodeIgniter\BaseModel->insert([...], true)
 8 APPPATH\Controllers\MunicipiosController.php(25): CodeIgniter\Model->insert([...])
 9 SYSTEMPATH\CodeIgniter.php(974): App\Controllers\MunicipiosController->insertar()
10 SYSTEMPATH\CodeIgniter.php(520): CodeIgniter\CodeIgniter->runController(Object(App\Controllers\MunicipiosController))
11 SYSTEMPATH\CodeIgniter.php(363): CodeIgniter\CodeIgniter->handleRequest(null, Object(Config\Cache), false)
12 SYSTEMPATH\Boot.php(417): CodeIgniter\CodeIgniter->run()
13 SYSTEMPATH\Boot.php(68): CodeIgniter\Boot::runCodeIgniter(Object(CodeIgniter\CodeIgniter))
14 FCPATH\index.php(59): CodeIgniter\Boot::bootWeb(Object(Config\Paths))
ERROR - 2026-10-04 05:27:26 --> Duplicate entry '101' for key 'PRIMARY'
in SYSTEMPATH\Database\MySQLi\Connection.php on line 300.
 1 SYSTEMPATH\Database\MySQLi\Connection.php(300): mysqli->query('INSERT INTO `municipios` (`cod_muni`, `nombre_municipio`, `cod_depto`) VALUES (\'101\', \'Metropolitana\', \'200\')', 0)
 2 SYSTEMPATH\Database\BaseConnection.php(908): CodeIgniter\Database\MySQLi\Connection->execute('INSERT INTO `municipios` (`cod_muni`, `nombre_municipio`, `cod_depto`) VALUES (\'101\', \'Metropolitana\', \'200\')')
 3 SYSTEMPATH\Database\BaseConnection.php(825): CodeIgniter\Database\BaseConnection->simpleQuery('INSERT INTO `municipios` (`cod_muni`, `nombre_municipio`, `cod_depto`) VALUES (\'101\', \'Metropolitana\', \'200\')')
 4 SYSTEMPATH\Database\BaseBuilder.php(2355): CodeIgniter\Database\BaseConnection->query('INSERT INTO `municipios` (`cod_muni`, `nombre_municipio`, `cod_depto`) VALUES (:cod_muni:, :nombre_municipio:, :cod_depto:)', [...], false)
 5 SYSTEMPATH\Model.php(357): CodeIgniter\Database\BaseBuilder->insert()
 6 SYSTEMPATH\BaseModel.php(899): CodeIgniter\Model->doInsert([...])
 7 SYSTEMPATH\Model.php(670): CodeIgniter\BaseModel->insert([...], true)
 8 APPPATH\Controllers\MunicipiosController.php(25): CodeIgniter\Model->insert([...])
 9 SYSTEMPATH\CodeIgniter.php(974): App\Controllers\MunicipiosController->insertar()
10 SYSTEMPATH\CodeIgniter.php(520): CodeIgniter\CodeIgniter->runController(Object(App\Controllers\MunicipiosController))
11 SYSTEMPATH\CodeIgniter.php(363): CodeIgniter\CodeIgniter->handleRequest(null, Object(Config\Cache), false)
12 SYSTEMPATH\Boot.php(417): CodeIgniter\CodeIgniter->run()
13 SYSTEMPATH\Boot.php(68): CodeIgniter\Boot::runCodeIgniter(Object(CodeIgniter\CodeIgniter))
14 FCPATH\index.php(59): CodeIgniter\Boot::bootWeb(Object(Config\Paths))
CRITICAL - 2026-10-04 05:27:26 --> CodeIgniter\Database\Exceptions\DatabaseException: Duplicate entry '101' for key 'PRIMARY'
[Method: POST, Route: agregar_municipios]
in SYSTEMPATH\Database\BaseConnection.php on line 863.
 1 SYSTEMPATH\Database\BaseBuilder.php(2355): CodeIgniter\Database\BaseConnection->query('INSERT INTO `municipios` (`cod_muni`, `nombre_municipio`, `cod_depto`) VALUES (:cod_muni:, :nombre_municipio:, :cod_depto:)', [...], false)
 2 SYSTEMPATH\Model.php(357): CodeIgniter\Database\BaseBuilder->insert()
 3 SYSTEMPATH\BaseModel.php(899): CodeIgniter\Model->doInsert([...])
 4 SYSTEMPATH\Model.php(670): CodeIgniter\BaseModel->insert([...], true)
 5 APPPATH\Controllers\MunicipiosController.php(25): CodeIgniter\Model->insert([...])
 6 SYSTEMPATH\CodeIgniter.php(974): App\Controllers\MunicipiosController->insertar()
 7 SYSTEMPATH\CodeIgniter.php(520): CodeIgniter\CodeIgniter->runController(Object(App\Controllers\MunicipiosController))
 8 SYSTEMPATH\CodeIgniter.php(363): CodeIgniter\CodeIgniter->handleRequest(null, Object(Config\Cache), false)
 9 SYSTEMPATH\Boot.php(417): CodeIgniter\CodeIgniter->run()
10 SYSTEMPATH\Boot.php(68): CodeIgniter\Boot::runCodeIgniter(Object(CodeIgniter\CodeIgniter))
11 FCPATH\index.php(59): CodeIgniter\Boot::bootWeb(Object(Config\Paths))
CRITICAL - 2026-10-04 05:27:26 --> [Caused by] CodeIgniter\Database\Exceptions\DatabaseException: Duplicate entry '101' for key 'PRIMARY'
in SYSTEMPATH\Database\MySQLi\Connection.php on line 310.
 1 SYSTEMPATH\Database\BaseConnection.php(908): CodeIgniter\Database\MySQLi\Connection->execute('INSERT INTO `municipios` (`cod_muni`, `nombre_municipio`, `cod_depto`) VALUES (\'101\', \'Metropolitana\', \'200\')')
 2 SYSTEMPATH\Database\BaseConnection.php(825): CodeIgniter\Database\BaseConnection->simpleQuery('INSERT INTO `municipios` (`cod_muni`, `nombre_municipio`, `cod_depto`) VALUES (\'101\', \'Metropolitana\', \'200\')')
 3 SYSTEMPATH\Database\BaseBuilder.php(2355): CodeIgniter\Database\BaseConnection->query('INSERT INTO `municipios` (`cod_muni`, `nombre_municipio`, `cod_depto`) VALUES (:cod_muni:, :nombre_municipio:, :cod_depto:)', [...], false)
 4 SYSTEMPATH\Model.php(357): CodeIgniter\Database\BaseBuilder->insert()
 5 SYSTEMPATH\BaseModel.php(899): CodeIgniter\Model->doInsert([...])
 6 SYSTEMPATH\Model.php(670): CodeIgniter\BaseModel->insert([...], true)
 7 APPPATH\Controllers\MunicipiosController.php(25): CodeIgniter\Model->insert([...])
 8 SYSTEMPATH\CodeIgniter.php(974): App\Controllers\MunicipiosController->insertar()
 9 SYSTEMPATH\CodeIgniter.php(520): CodeIgniter\CodeIgniter->runController(Object(App\Controllers\MunicipiosController))
10 SYSTEMPATH\CodeIgniter.php(363): CodeIgniter\CodeIgniter->handleRequest(null, Object(Config\Cache), false)
11 SYSTEMPATH\Boot.php(417): CodeIgniter\CodeIgniter->run()
12 SYSTEMPATH\Boot.php(68): CodeIgniter\Boot::runCodeIgniter(Object(CodeIgniter\CodeIgniter))
13 FCPATH\index.php(59): CodeIgniter\Boot::bootWeb(Object(Config\Paths))
CRITICAL - 2026-10-04 05:27:26 --> [Caused by] mysqli_sql_exception: Duplicate entry '101' for key 'PRIMARY'
in SYSTEMPATH\Database\MySQLi\Connection.php on line 300.
 1 SYSTEMPATH\Database\MySQLi\Connection.php(300): mysqli->query('INSERT INTO `municipios` (`cod_muni`, `nombre_municipio`, `cod_depto`) VALUES (\'101\', \'Metropolitana\', \'200\')', 0)
 2 SYSTEMPATH\Database\BaseConnection.php(908): CodeIgniter\Database\MySQLi\Connection->execute('INSERT INTO `municipios` (`cod_muni`, `nombre_municipio`, `cod_depto`) VALUES (\'101\', \'Metropolitana\', \'200\')')
 3 SYSTEMPATH\Database\BaseConnection.php(825): CodeIgniter\Database\BaseConnection->simpleQuery('INSERT INTO `municipios` (`cod_muni`, `nombre_municipio`, `cod_depto`) VALUES (\'101\', \'Metropolitana\', \'200\')')
 4 SYSTEMPATH\Database\BaseBuilder.php(2355): CodeIgniter\Database\BaseConnection->query('INSERT INTO `municipios` (`cod_muni`, `nombre_municipio`, `cod_depto`) VALUES (:cod_muni:, :nombre_municipio:, :cod_depto:)', [...], false)
 5 SYSTEMPATH\Model.php(357): CodeIgniter\Database\BaseBuilder->insert()
 6 SYSTEMPATH\BaseModel.php(899): CodeIgniter\Model->doInsert([...])
 7 SYSTEMPATH\Model.php(670): CodeIgniter\BaseModel->insert([...], true)
 8 APPPATH\Controllers\MunicipiosController.php(25): CodeIgniter\Model->insert([...])
 9 SYSTEMPATH\CodeIgniter.php(974): App\Controllers\MunicipiosController->insertar()
10 SYSTEMPATH\CodeIgniter.php(520): CodeIgniter\CodeIgniter->runController(Object(App\Controllers\MunicipiosController))
11 SYSTEMPATH\CodeIgniter.php(363): CodeIgniter\CodeIgniter->handleRequest(null, Object(Config\Cache), false)
12 SYSTEMPATH\Boot.php(417): CodeIgniter\CodeIgniter->run()
13 SYSTEMPATH\Boot.php(68): CodeIgniter\Boot::runCodeIgniter(Object(CodeIgniter\CodeIgniter))
14 FCPATH\index.php(59): CodeIgniter\Boot::bootWeb(Object(Config\Paths))
ERROR - 2026-10-04 05:27:39 --> Duplicate entry '101' for key 'PRIMARY'
in SYSTEMPATH\Database\MySQLi\Connection.php on line 300.
 1 SYSTEMPATH\Database\MySQLi\Connection.php(300): mysqli->query('INSERT INTO `municipios` (`cod_muni`, `nombre_municipio`, `cod_depto`) VALUES (\'101\', \'Metropolitana\', \'1\')', 0)
 2 SYSTEMPATH\Database\BaseConnection.php(908): CodeIgniter\Database\MySQLi\Connection->execute('INSERT INTO `municipios` (`cod_muni`, `nombre_municipio`, `cod_depto`) VALUES (\'101\', \'Metropolitana\', \'1\')')
 3 SYSTEMPATH\Database\BaseConnection.php(825): CodeIgniter\Database\BaseConnection->simpleQuery('INSERT INTO `municipios` (`cod_muni`, `nombre_municipio`, `cod_depto`) VALUES (\'101\', \'Metropolitana\', \'1\')')
 4 SYSTEMPATH\Database\BaseBuilder.php(2355): CodeIgniter\Database\BaseConnection->query('INSERT INTO `municipios` (`cod_muni`, `nombre_municipio`, `cod_depto`) VALUES (:cod_muni:, :nombre_municipio:, :cod_depto:)', [...], false)
 5 SYSTEMPATH\Model.php(357): CodeIgniter\Database\BaseBuilder->insert()
 6 SYSTEMPATH\BaseModel.php(899): CodeIgniter\Model->doInsert([...])
 7 SYSTEMPATH\Model.php(670): CodeIgniter\BaseModel->insert([...], true)
 8 APPPATH\Controllers\MunicipiosController.php(25): CodeIgniter\Model->insert([...])
 9 SYSTEMPATH\CodeIgniter.php(974): App\Controllers\MunicipiosController->insertar()
10 SYSTEMPATH\CodeIgniter.php(520): CodeIgniter\CodeIgniter->runController(Object(App\Controllers\MunicipiosController))
11 SYSTEMPATH\CodeIgniter.php(363): CodeIgniter\CodeIgniter->handleRequest(null, Object(Config\Cache), false)
12 SYSTEMPATH\Boot.php(417): CodeIgniter\CodeIgniter->run()
13 SYSTEMPATH\Boot.php(68): CodeIgniter\Boot::runCodeIgniter(Object(CodeIgniter\CodeIgniter))
14 FCPATH\index.php(59): CodeIgniter\Boot::bootWeb(Object(Config\Paths))
CRITICAL - 2026-10-04 05:27:39 --> CodeIgniter\Database\Exceptions\DatabaseException: Duplicate entry '101' for key 'PRIMARY'
[Method: POST, Route: agregar_municipios]
in SYSTEMPATH\Database\BaseConnection.php on line 863.
 1 SYSTEMPATH\Database\BaseBuilder.php(2355): CodeIgniter\Database\BaseConnection->query('INSERT INTO `municipios` (`cod_muni`, `nombre_municipio`, `cod_depto`) VALUES (:cod_muni:, :nombre_municipio:, :cod_depto:)', [...], false)
 2 SYSTEMPATH\Model.php(357): CodeIgniter\Database\BaseBuilder->insert()
 3 SYSTEMPATH\BaseModel.php(899): CodeIgniter\Model->doInsert([...])
 4 SYSTEMPATH\Model.php(670): CodeIgniter\BaseModel->insert([...], true)
 5 APPPATH\Controllers\MunicipiosController.php(25): CodeIgniter\Model->insert([...])
 6 SYSTEMPATH\CodeIgniter.php(974): App\Controllers\MunicipiosController->insertar()
 7 SYSTEMPATH\CodeIgniter.php(520): CodeIgniter\CodeIgniter->runController(Object(App\Controllers\MunicipiosController))
 8 SYSTEMPATH\CodeIgniter.php(363): CodeIgniter\CodeIgniter->handleRequest(null, Object(Config\Cache), false)
 9 SYSTEMPATH\Boot.php(417): CodeIgniter\CodeIgniter->run()
10 SYSTEMPATH\Boot.php(68): CodeIgniter\Boot::runCodeIgniter(Object(CodeIgniter\CodeIgniter))
11 FCPATH\index.php(59): CodeIgniter\Boot::bootWeb(Object(Config\Paths))
CRITICAL - 2026-10-04 05:27:39 --> [Caused by] CodeIgniter\Database\Exceptions\DatabaseException: Duplicate entry '101' for key 'PRIMARY'
in SYSTEMPATH\Database\MySQLi\Connection.php on line 310.
 1 SYSTEMPATH\Database\BaseConnection.php(908): CodeIgniter\Database\MySQLi\Connection->execute('INSERT INTO `municipios` (`cod_muni`, `nombre_municipio`, `cod_depto`) VALUES (\'101\', \'Metropolitana\', \'1\')')
 2 SYSTEMPATH\Database\BaseConnection.php(825): CodeIgniter\Database\BaseConnection->simpleQuery('INSERT INTO `municipios` (`cod_muni`, `nombre_municipio`, `cod_depto`) VALUES (\'101\', \'Metropolitana\', \'1\')')
 3 SYSTEMPATH\Database\BaseBuilder.php(2355): CodeIgniter\Database\BaseConnection->query('INSERT INTO `municipios` (`cod_muni`, `nombre_municipio`, `cod_depto`) VALUES (:cod_muni:, :nombre_municipio:, :cod_depto:)', [...], false)
 4 SYSTEMPATH\Model.php(357): CodeIgniter\Database\BaseBuilder->insert()
 5 SYSTEMPATH\BaseModel.php(899): CodeIgniter\Model->doInsert([...])
 6 SYSTEMPATH\Model.php(670): CodeIgniter\BaseModel->insert([...], true)
 7 APPPATH\Controllers\MunicipiosController.php(25): CodeIgniter\Model->insert([...])
 8 SYSTEMPATH\CodeIgniter.php(974): App\Controllers\MunicipiosController->insertar()
 9 SYSTEMPATH\CodeIgniter.php(520): CodeIgniter\CodeIgniter->runController(Object(App\Controllers\MunicipiosController))
10 SYSTEMPATH\CodeIgniter.php(363): CodeIgniter\CodeIgniter->handleRequest(null, Object(Config\Cache), false)
11 SYSTEMPATH\Boot.php(417): CodeIgniter\CodeIgniter->run()
12 SYSTEMPATH\Boot.php(68): CodeIgniter\Boot::runCodeIgniter(Object(CodeIgniter\CodeIgniter))
13 FCPATH\index.php(59): CodeIgniter\Boot::bootWeb(Object(Config\Paths))
CRITICAL - 2026-10-04 05:27:39 --> [Caused by] mysqli_sql_exception: Duplicate entry '101' for key 'PRIMARY'
in SYSTEMPATH\Database\MySQLi\Connection.php on line 300.
 1 SYSTEMPATH\Database\MySQLi\Connection.php(300): mysqli->query('INSERT INTO `municipios` (`cod_muni`, `nombre_municipio`, `cod_depto`) VALUES (\'101\', \'Metropolitana\', \'1\')', 0)
 2 SYSTEMPATH\Database\BaseConnection.php(908): CodeIgniter\Database\MySQLi\Connection->execute('INSERT INTO `municipios` (`cod_muni`, `nombre_municipio`, `cod_depto`) VALUES (\'101\', \'Metropolitana\', \'1\')')
 3 SYSTEMPATH\Database\BaseConnection.php(825): CodeIgniter\Database\BaseConnection->simpleQuery('INSERT INTO `municipios` (`cod_muni`, `nombre_municipio`, `cod_depto`) VALUES (\'101\', \'Metropolitana\', \'1\')')
 4 SYSTEMPATH\Database\BaseBuilder.php(2355): CodeIgniter\Database\BaseConnection->query('INSERT INTO `municipios` (`cod_muni`, `nombre_municipio`, `cod_depto`) VALUES (:cod_muni:, :nombre_municipio:, :cod_depto:)', [...], false)
 5 SYSTEMPATH\Model.php(357): CodeIgniter\Database\BaseBuilder->insert()
 6 SYSTEMPATH\BaseModel.php(899): CodeIgniter\Model->doInsert([...])
 7 SYSTEMPATH\Model.php(670): CodeIgniter\BaseModel->insert([...], true)
 8 APPPATH\Controllers\MunicipiosController.php(25): CodeIgniter\Model->insert([...])
 9 SYSTEMPATH\CodeIgniter.php(974): App\Controllers\MunicipiosController->insertar()
10 SYSTEMPATH\CodeIgniter.php(520): CodeIgniter\CodeIgniter->runController(Object(App\Controllers\MunicipiosController))
11 SYSTEMPATH\CodeIgniter.php(363): CodeIgniter\CodeIgniter->handleRequest(null, Object(Config\Cache), false)
12 SYSTEMPATH\Boot.php(417): CodeIgniter\CodeIgniter->run()
13 SYSTEMPATH\Boot.php(68): CodeIgniter\Boot::runCodeIgniter(Object(CodeIgniter\CodeIgniter))
14 FCPATH\index.php(59): CodeIgniter\Boot::bootWeb(Object(Config\Paths))
CRITICAL - 2026-10-04 05:28:59 --> ErrorException: Undefined array key "cod-depto"
[Method: GET, Route: buscar_municipios/101]
in APPPATH\Views\form_modificar_municipios.php on line 21.
 1 APPPATH\Views\form_modificar_municipios.php(21): CodeIgniter\Debug\Exceptions->errorHandler(2, 'Undefined array key "cod-depto"', 'C:\\xampp\\htdocs\\proyectos2026\\app\\Views\\form_modificar_municipios.php', 21)
 2 SYSTEMPATH\View\View.php(240): include('C:\\xampp\\htdocs\\proyectos2026\\app\\Views\\form_modificar_municipios.php')
 3 SYSTEMPATH\View\View.php(243): CodeIgniter\View\View->CodeIgniter\View\{closure}()
 4 SYSTEMPATH\Common.php(1268): CodeIgniter\View\View->render('form_modificar_municipios', [], true)
 5 APPPATH\Controllers\MunicipiosController.php(42): view('form_modificar_municipios', [...])
 6 SYSTEMPATH\CodeIgniter.php(974): App\Controllers\MunicipiosController->buscar('101')
 7 SYSTEMPATH\CodeIgniter.php(520): CodeIgniter\CodeIgniter->runController(Object(App\Controllers\MunicipiosController))
 8 SYSTEMPATH\CodeIgniter.php(363): CodeIgniter\CodeIgniter->handleRequest(null, Object(Config\Cache), false)
 9 SYSTEMPATH\Boot.php(417): CodeIgniter\CodeIgniter->run()
10 SYSTEMPATH\Boot.php(68): CodeIgniter\Boot::runCodeIgniter(Object(CodeIgniter\CodeIgniter))
11 FCPATH\index.php(59): CodeIgniter\Boot::bootWeb(Object(Config\Paths))
CRITICAL - 2026-10-04 16:21:54 --> ErrorException: Undefined variable $region
[Method: GET, Route: departamentos]
in APPPATH\Views\departamentos.php on line 69.
 1 APPPATH\Views\departamentos.php(69): CodeIgniter\Debug\Exceptions->errorHandler(2, 'Undefined variable $region', 'C:\\xampp\\htdocs\\proyectos2026\\app\\Views\\departamentos.php', 69)
 2 SYSTEMPATH\View\View.php(240): include('C:\\xampp\\htdocs\\proyectos2026\\app\\Views\\departamentos.php')
 3 SYSTEMPATH\View\View.php(243): CodeIgniter\View\View->CodeIgniter\View\{closure}()
 4 SYSTEMPATH\Common.php(1268): CodeIgniter\View\View->render('departamentos', [], true)
 5 APPPATH\Controllers\DepartamentosController.php(12): view('departamentos', [...])
 6 SYSTEMPATH\CodeIgniter.php(974): App\Controllers\DepartamentosController->index()
 7 SYSTEMPATH\CodeIgniter.php(520): CodeIgniter\CodeIgniter->runController(Object(App\Controllers\DepartamentosController))
 8 SYSTEMPATH\CodeIgniter.php(363): CodeIgniter\CodeIgniter->handleRequest(null, Object(Config\Cache), false)
 9 SYSTEMPATH\Boot.php(417): CodeIgniter\CodeIgniter->run()
10 SYSTEMPATH\Boot.php(68): CodeIgniter\Boot::runCodeIgniter(Object(CodeIgniter\CodeIgniter))
11 FCPATH\index.php(59): CodeIgniter\Boot::bootWeb(Object(Config\Paths))
CRITICAL - 2026-10-04 16:22:27 --> ErrorException: Undefined variable $region
[Method: GET, Route: departamentos]
in APPPATH\Views\departamentos.php on line 69.
 1 APPPATH\Views\departamentos.php(69): CodeIgniter\Debug\Exceptions->errorHandler(2, 'Undefined variable $region', 'C:\\xampp\\htdocs\\proyectos2026\\app\\Views\\departamentos.php', 69)
 2 SYSTEMPATH\View\View.php(240): include('C:\\xampp\\htdocs\\proyectos2026\\app\\Views\\departamentos.php')
 3 SYSTEMPATH\View\View.php(243): CodeIgniter\View\View->CodeIgniter\View\{closure}()
 4 SYSTEMPATH\Common.php(1268): CodeIgniter\View\View->render('departamentos', [], true)
 5 APPPATH\Controllers\DepartamentosController.php(12): view('departamentos', [...])
 6 SYSTEMPATH\CodeIgniter.php(974): App\Controllers\DepartamentosController->index()
 7 SYSTEMPATH\CodeIgniter.php(520): CodeIgniter\CodeIgniter->runController(Object(App\Controllers\DepartamentosController))
 8 SYSTEMPATH\CodeIgniter.php(363): CodeIgniter\CodeIgniter->handleRequest(null, Object(Config\Cache), false)
 9 SYSTEMPATH\Boot.php(417): CodeIgniter\CodeIgniter->run()
10 SYSTEMPATH\Boot.php(68): CodeIgniter\Boot::runCodeIgniter(Object(CodeIgniter\CodeIgniter))
11 FCPATH\index.php(59): CodeIgniter\Boot::bootWeb(Object(Config\Paths))
CRITICAL - 2026-10-04 16:22:28 --> ErrorException: Undefined variable $region
[Method: GET, Route: departamentos]
in APPPATH\Views\departamentos.php on line 69.
 1 APPPATH\Views\departamentos.php(69): CodeIgniter\Debug\Exceptions->errorHandler(2, 'Undefined variable $region', 'C:\\xampp\\htdocs\\proyectos2026\\app\\Views\\departamentos.php', 69)
 2 SYSTEMPATH\View\View.php(240): include('C:\\xampp\\htdocs\\proyectos2026\\app\\Views\\departamentos.php')
 3 SYSTEMPATH\View\View.php(243): CodeIgniter\View\View->CodeIgniter\View\{closure}()
 4 SYSTEMPATH\Common.php(1268): CodeIgniter\View\View->render('departamentos', [], true)
 5 APPPATH\Controllers\DepartamentosController.php(12): view('departamentos', [...])
 6 SYSTEMPATH\CodeIgniter.php(974): App\Controllers\DepartamentosController->index()
 7 SYSTEMPATH\CodeIgniter.php(520): CodeIgniter\CodeIgniter->runController(Object(App\Controllers\DepartamentosController))
 8 SYSTEMPATH\CodeIgniter.php(363): CodeIgniter\CodeIgniter->handleRequest(null, Object(Config\Cache), false)
 9 SYSTEMPATH\Boot.php(417): CodeIgniter\CodeIgniter->run()
10 SYSTEMPATH\Boot.php(68): CodeIgniter\Boot::runCodeIgniter(Object(CodeIgniter\CodeIgniter))
11 FCPATH\index.php(59): CodeIgniter\Boot::bootWeb(Object(Config\Paths))
CRITICAL - 2026-10-04 16:22:29 --> ErrorException: Undefined variable $region
[Method: GET, Route: departamentos]
in APPPATH\Views\departamentos.php on line 69.
 1 APPPATH\Views\departamentos.php(69): CodeIgniter\Debug\Exceptions->errorHandler(2, 'Undefined variable $region', 'C:\\xampp\\htdocs\\proyectos2026\\app\\Views\\departamentos.php', 69)
 2 SYSTEMPATH\View\View.php(240): include('C:\\xampp\\htdocs\\proyectos2026\\app\\Views\\departamentos.php')
 3 SYSTEMPATH\View\View.php(243): CodeIgniter\View\View->CodeIgniter\View\{closure}()
 4 SYSTEMPATH\Common.php(1268): CodeIgniter\View\View->render('departamentos', [], true)
 5 APPPATH\Controllers\DepartamentosController.php(12): view('departamentos', [...])
 6 SYSTEMPATH\CodeIgniter.php(974): App\Controllers\DepartamentosController->index()
 7 SYSTEMPATH\CodeIgniter.php(520): CodeIgniter\CodeIgniter->runController(Object(App\Controllers\DepartamentosController))
 8 SYSTEMPATH\CodeIgniter.php(363): CodeIgniter\CodeIgniter->handleRequest(null, Object(Config\Cache), false)
 9 SYSTEMPATH\Boot.php(417): CodeIgniter\CodeIgniter->run()
10 SYSTEMPATH\Boot.php(68): CodeIgniter\Boot::runCodeIgniter(Object(CodeIgniter\CodeIgniter))
11 FCPATH\index.php(59): CodeIgniter\Boot::bootWeb(Object(Config\Paths))
CRITICAL - 2026-10-04 16:22:35 --> ErrorException: Undefined variable $region
[Method: GET, Route: departamentos]
in APPPATH\Views\departamentos.php on line 69.
 1 APPPATH\Views\departamentos.php(69): CodeIgniter\Debug\Exceptions->errorHandler(2, 'Undefined variable $region', 'C:\\xampp\\htdocs\\proyectos2026\\app\\Views\\departamentos.php', 69)
 2 SYSTEMPATH\View\View.php(240): include('C:\\xampp\\htdocs\\proyectos2026\\app\\Views\\departamentos.php')
 3 SYSTEMPATH\View\View.php(243): CodeIgniter\View\View->CodeIgniter\View\{closure}()
 4 SYSTEMPATH\Common.php(1268): CodeIgniter\View\View->render('departamentos', [], true)
 5 APPPATH\Controllers\DepartamentosController.php(12): view('departamentos', [...])
 6 SYSTEMPATH\CodeIgniter.php(974): App\Controllers\DepartamentosController->index()
 7 SYSTEMPATH\CodeIgniter.php(520): CodeIgniter\CodeIgniter->runController(Object(App\Controllers\DepartamentosController))
 8 SYSTEMPATH\CodeIgniter.php(363): CodeIgniter\CodeIgniter->handleRequest(null, Object(Config\Cache), false)
 9 SYSTEMPATH\Boot.php(417): CodeIgniter\CodeIgniter->run()
10 SYSTEMPATH\Boot.php(68): CodeIgniter\Boot::runCodeIgniter(Object(CodeIgniter\CodeIgniter))
11 FCPATH\index.php(59): CodeIgniter\Boot::bootWeb(Object(Config\Paths))
CRITICAL - 2026-10-04 17:11:22 --> ParseError: syntax error, unexpected single-quoted string "nombre", expecting "]"
[Method: GET, Route: deptosRegiones]
in APPPATH\Controllers\DeptosRegionesController.php on line 21.
 1 SYSTEMPATH\Autoloader\Autoloader.php(320): CodeIgniter\Autoloader\Autoloader->includeFile('C:\\xampp\\htdocs\\proyectos2026\\app\\Controllers\\DeptosRegionesController.php')
 2 SYSTEMPATH\Autoloader\Autoloader.php(296): CodeIgniter\Autoloader\Autoloader->loadInNamespace('App\\Controllers\\DeptosRegionesController')
 3 [internal function]: CodeIgniter\Autoloader\Autoloader->loadClass('App\\Controllers\\DeptosRegionesController')
 4 SYSTEMPATH\Router\Router.php(790): class_exists('\\App\\Controllers\\DeptosRegionesController')
 5 SYSTEMPATH\Router\Router.php(228): CodeIgniter\Router\Router->processRouteAttributes()
 6 SYSTEMPATH\CodeIgniter.php(852): CodeIgniter\Router\Router->handle('deptosRegiones')
 7 SYSTEMPATH\CodeIgniter.php(464): CodeIgniter\CodeIgniter->tryToRouteIt(Object(CodeIgniter\Router\RouteCollection))
 8 SYSTEMPATH\CodeIgniter.php(363): CodeIgniter\CodeIgniter->handleRequest(null, Object(Config\Cache), false)
 9 SYSTEMPATH\Boot.php(417): CodeIgniter\CodeIgniter->run()
10 SYSTEMPATH\Boot.php(68): CodeIgniter\Boot::runCodeIgniter(Object(CodeIgniter\CodeIgniter))
11 FCPATH\index.php(59): CodeIgniter\Boot::bootWeb(Object(Config\Paths))
CRITICAL - 2026-10-04 17:12:09 --> ParseError: syntax error, unexpected single-quoted string "nombre", expecting "]"
[Method: GET, Route: deptosRegiones]
in APPPATH\Controllers\DeptosRegionesController.php on line 55.
 1 SYSTEMPATH\Autoloader\Autoloader.php(320): CodeIgniter\Autoloader\Autoloader->includeFile('C:\\xampp\\htdocs\\proyectos2026\\app\\Controllers\\DeptosRegionesController.php')
 2 SYSTEMPATH\Autoloader\Autoloader.php(296): CodeIgniter\Autoloader\Autoloader->loadInNamespace('App\\Controllers\\DeptosRegionesController')
 3 [internal function]: CodeIgniter\Autoloader\Autoloader->loadClass('App\\Controllers\\DeptosRegionesController')
 4 SYSTEMPATH\Router\Router.php(790): class_exists('\\App\\Controllers\\DeptosRegionesController')
 5 SYSTEMPATH\Router\Router.php(228): CodeIgniter\Router\Router->processRouteAttributes()
 6 SYSTEMPATH\CodeIgniter.php(852): CodeIgniter\Router\Router->handle('deptosRegiones')
 7 SYSTEMPATH\CodeIgniter.php(464): CodeIgniter\CodeIgniter->tryToRouteIt(Object(CodeIgniter\Router\RouteCollection))
 8 SYSTEMPATH\CodeIgniter.php(363): CodeIgniter\CodeIgniter->handleRequest(null, Object(Config\Cache), false)
 9 SYSTEMPATH\Boot.php(417): CodeIgniter\CodeIgniter->run()
10 SYSTEMPATH\Boot.php(68): CodeIgniter\Boot::runCodeIgniter(Object(CodeIgniter\CodeIgniter))
11 FCPATH\index.php(59): CodeIgniter\Boot::bootWeb(Object(Config\Paths))
ERROR - 2026-10-04 17:12:29 --> Table 'bd_ciudadanos.deptosregiones' doesn't exist
in SYSTEMPATH\Database\MySQLi\Connection.php on line 300.
 1 SYSTEMPATH\Database\MySQLi\Connection.php(300): mysqli->query('SELECT *
FROM `deptosregiones`', 0)
 2 SYSTEMPATH\Database\BaseConnection.php(908): CodeIgniter\Database\MySQLi\Connection->execute('SELECT *
FROM `deptosregiones`')
 3 SYSTEMPATH\Database\BaseConnection.php(825): CodeIgniter\Database\BaseConnection->simpleQuery('SELECT *
FROM `deptosregiones`')
 4 SYSTEMPATH\Database\BaseBuilder.php(1659): CodeIgniter\Database\BaseConnection->query('SELECT *
FROM `deptosregiones`', [], false)
 5 SYSTEMPATH\Model.php(255): CodeIgniter\Database\BaseBuilder->get()
 6 SYSTEMPATH\BaseModel.php(676): CodeIgniter\Model->doFindAll(0, 0)
 7 APPPATH\Controllers\DeptosRegionesController.php(11): CodeIgniter\BaseModel->findAll()
 8 SYSTEMPATH\CodeIgniter.php(974): App\Controllers\DeptosRegionesController->index()
 9 SYSTEMPATH\CodeIgniter.php(520): CodeIgniter\CodeIgniter->runController(Object(App\Controllers\DeptosRegionesController))
10 SYSTEMPATH\CodeIgniter.php(363): CodeIgniter\CodeIgniter->handleRequest(null, Object(Config\Cache), false)
11 SYSTEMPATH\Boot.php(417): CodeIgniter\CodeIgniter->run()
12 SYSTEMPATH\Boot.php(68): CodeIgniter\Boot::runCodeIgniter(Object(CodeIgniter\CodeIgniter))
13 FCPATH\index.php(59): CodeIgniter\Boot::bootWeb(Object(Config\Paths))
CRITICAL - 2026-10-04 17:12:29 --> CodeIgniter\Database\Exceptions\DatabaseException: Table 'bd_ciudadanos.deptosregiones' doesn't exist
[Method: GET, Route: deptosRegiones]
in SYSTEMPATH\Database\BaseConnection.php on line 863.
 1 SYSTEMPATH\Database\BaseBuilder.php(1659): CodeIgniter\Database\BaseConnection->query('SELECT *
FROM `deptosregiones`', [], false)
 2 SYSTEMPATH\Model.php(255): CodeIgniter\Database\BaseBuilder->get()
 3 SYSTEMPATH\BaseModel.php(676): CodeIgniter\Model->doFindAll(0, 0)
 4 APPPATH\Controllers\DeptosRegionesController.php(11): CodeIgniter\BaseModel->findAll()
 5 SYSTEMPATH\CodeIgniter.php(974): App\Controllers\DeptosRegionesController->index()
 6 SYSTEMPATH\CodeIgniter.php(520): CodeIgniter\CodeIgniter->runController(Object(App\Controllers\DeptosRegionesController))
 7 SYSTEMPATH\CodeIgniter.php(363): CodeIgniter\CodeIgniter->handleRequest(null, Object(Config\Cache), false)
 8 SYSTEMPATH\Boot.php(417): CodeIgniter\CodeIgniter->run()
 9 SYSTEMPATH\Boot.php(68): CodeIgniter\Boot::runCodeIgniter(Object(CodeIgniter\CodeIgniter))
10 FCPATH\index.php(59): CodeIgniter\Boot::bootWeb(Object(Config\Paths))
CRITICAL - 2026-10-04 17:12:29 --> [Caused by] CodeIgniter\Database\Exceptions\DatabaseException: Table 'bd_ciudadanos.deptosregiones' doesn't exist
in SYSTEMPATH\Database\MySQLi\Connection.php on line 310.
 1 SYSTEMPATH\Database\BaseConnection.php(908): CodeIgniter\Database\MySQLi\Connection->execute('SELECT *
FROM `deptosregiones`')
 2 SYSTEMPATH\Database\BaseConnection.php(825): CodeIgniter\Database\BaseConnection->simpleQuery('SELECT *
FROM `deptosregiones`')
 3 SYSTEMPATH\Database\BaseBuilder.php(1659): CodeIgniter\Database\BaseConnection->query('SELECT *
FROM `deptosregiones`', [], false)
 4 SYSTEMPATH\Model.php(255): CodeIgniter\Database\BaseBuilder->get()
 5 SYSTEMPATH\BaseModel.php(676): CodeIgniter\Model->doFindAll(0, 0)
 6 APPPATH\Controllers\DeptosRegionesController.php(11): CodeIgniter\BaseModel->findAll()
 7 SYSTEMPATH\CodeIgniter.php(974): App\Controllers\DeptosRegionesController->index()
 8 SYSTEMPATH\CodeIgniter.php(520): CodeIgniter\CodeIgniter->runController(Object(App\Controllers\DeptosRegionesController))
 9 SYSTEMPATH\CodeIgniter.php(363): CodeIgniter\CodeIgniter->handleRequest(null, Object(Config\Cache), false)
10 SYSTEMPATH\Boot.php(417): CodeIgniter\CodeIgniter->run()
11 SYSTEMPATH\Boot.php(68): CodeIgniter\Boot::runCodeIgniter(Object(CodeIgniter\CodeIgniter))
12 FCPATH\index.php(59): CodeIgniter\Boot::bootWeb(Object(Config\Paths))
CRITICAL - 2026-10-04 17:12:29 --> [Caused by] mysqli_sql_exception: Table 'bd_ciudadanos.deptosregiones' doesn't exist
in SYSTEMPATH\Database\MySQLi\Connection.php on line 300.
 1 SYSTEMPATH\Database\MySQLi\Connection.php(300): mysqli->query('SELECT *
FROM `deptosregiones`', 0)
 2 SYSTEMPATH\Database\BaseConnection.php(908): CodeIgniter\Database\MySQLi\Connection->execute('SELECT *
FROM `deptosregiones`')
 3 SYSTEMPATH\Database\BaseConnection.php(825): CodeIgniter\Database\BaseConnection->simpleQuery('SELECT *
FROM `deptosregiones`')
 4 SYSTEMPATH\Database\BaseBuilder.php(1659): CodeIgniter\Database\BaseConnection->query('SELECT *
FROM `deptosregiones`', [], false)
 5 SYSTEMPATH\Model.php(255): CodeIgniter\Database\BaseBuilder->get()
 6 SYSTEMPATH\BaseModel.php(676): CodeIgniter\Model->doFindAll(0, 0)
 7 APPPATH\Controllers\DeptosRegionesController.php(11): CodeIgniter\BaseModel->findAll()
 8 SYSTEMPATH\CodeIgniter.php(974): App\Controllers\DeptosRegionesController->index()
 9 SYSTEMPATH\CodeIgniter.php(520): CodeIgniter\CodeIgniter->runController(Object(App\Controllers\DeptosRegionesController))
10 SYSTEMPATH\CodeIgniter.php(363): CodeIgniter\CodeIgniter->handleRequest(null, Object(Config\Cache), false)
11 SYSTEMPATH\Boot.php(417): CodeIgniter\CodeIgniter->run()
12 SYSTEMPATH\Boot.php(68): CodeIgniter\Boot::runCodeIgniter(Object(CodeIgniter\CodeIgniter))
13 FCPATH\index.php(59): CodeIgniter\Boot::bootWeb(Object(Config\Paths))
CRITICAL - 2026-10-04 18:11:44 --> Error: Class "App\Models\VwDeptosRegionesModel" not found
[Method: GET, Route: vwdeptosregiones]
in APPPATH\Controllers\VwDeptosRegionesController.php on line 10.
 1 SYSTEMPATH\CodeIgniter.php(974): App\Controllers\VwDeptosRegionesController->index()
 2 SYSTEMPATH\CodeIgniter.php(520): CodeIgniter\CodeIgniter->runController(Object(App\Controllers\VwDeptosRegionesController))
 3 SYSTEMPATH\CodeIgniter.php(363): CodeIgniter\CodeIgniter->handleRequest(null, Object(Config\Cache), false)
 4 SYSTEMPATH\Boot.php(417): CodeIgniter\CodeIgniter->run()
 5 SYSTEMPATH\Boot.php(68): CodeIgniter\Boot::runCodeIgniter(Object(CodeIgniter\CodeIgniter))
 6 FCPATH\index.php(59): CodeIgniter\Boot::bootWeb(Object(Config\Paths))
ERROR - 2026-10-04 18:16:57 --> Table 'bd_ciudadanos.deptosregiones' doesn't exist
in SYSTEMPATH\Database\MySQLi\Connection.php on line 300.
 1 SYSTEMPATH\Database\MySQLi\Connection.php(300): mysqli->query('SELECT *
FROM `deptosregiones`', 0)
 2 SYSTEMPATH\Database\BaseConnection.php(908): CodeIgniter\Database\MySQLi\Connection->execute('SELECT *
FROM `deptosregiones`')
 3 SYSTEMPATH\Database\BaseConnection.php(825): CodeIgniter\Database\BaseConnection->simpleQuery('SELECT *
FROM `deptosregiones`')
 4 SYSTEMPATH\Database\BaseBuilder.php(1659): CodeIgniter\Database\BaseConnection->query('SELECT *
FROM `deptosregiones`', [], false)
 5 SYSTEMPATH\Model.php(255): CodeIgniter\Database\BaseBuilder->get()
 6 SYSTEMPATH\BaseModel.php(676): CodeIgniter\Model->doFindAll(0, 0)
 7 APPPATH\Controllers\VwDeptosRegionesController.php(11): CodeIgniter\BaseModel->findAll()
 8 SYSTEMPATH\CodeIgniter.php(974): App\Controllers\VwDeptosRegionesController->index()
 9 SYSTEMPATH\CodeIgniter.php(520): CodeIgniter\CodeIgniter->runController(Object(App\Controllers\VwDeptosRegionesController))
10 SYSTEMPATH\CodeIgniter.php(363): CodeIgniter\CodeIgniter->handleRequest(null, Object(Config\Cache), false)
11 SYSTEMPATH\Boot.php(417): CodeIgniter\CodeIgniter->run()
12 SYSTEMPATH\Boot.php(68): CodeIgniter\Boot::runCodeIgniter(Object(CodeIgniter\CodeIgniter))
13 FCPATH\index.php(59): CodeIgniter\Boot::bootWeb(Object(Config\Paths))
CRITICAL - 2026-10-04 18:16:57 --> CodeIgniter\Database\Exceptions\DatabaseException: Table 'bd_ciudadanos.deptosregiones' doesn't exist
[Method: GET, Route: vwdeptosregiones]
in SYSTEMPATH\Database\BaseConnection.php on line 863.
 1 SYSTEMPATH\Database\BaseBuilder.php(1659): CodeIgniter\Database\BaseConnection->query('SELECT *
FROM `deptosregiones`', [], false)
 2 SYSTEMPATH\Model.php(255): CodeIgniter\Database\BaseBuilder->get()
 3 SYSTEMPATH\BaseModel.php(676): CodeIgniter\Model->doFindAll(0, 0)
 4 APPPATH\Controllers\VwDeptosRegionesController.php(11): CodeIgniter\BaseModel->findAll()
 5 SYSTEMPATH\CodeIgniter.php(974): App\Controllers\VwDeptosRegionesController->index()
 6 SYSTEMPATH\CodeIgniter.php(520): CodeIgniter\CodeIgniter->runController(Object(App\Controllers\VwDeptosRegionesController))
 7 SYSTEMPATH\CodeIgniter.php(363): CodeIgniter\CodeIgniter->handleRequest(null, Object(Config\Cache), false)
 8 SYSTEMPATH\Boot.php(417): CodeIgniter\CodeIgniter->run()
 9 SYSTEMPATH\Boot.php(68): CodeIgniter\Boot::runCodeIgniter(Object(CodeIgniter\CodeIgniter))
10 FCPATH\index.php(59): CodeIgniter\Boot::bootWeb(Object(Config\Paths))
CRITICAL - 2026-10-04 18:16:57 --> [Caused by] CodeIgniter\Database\Exceptions\DatabaseException: Table 'bd_ciudadanos.deptosregiones' doesn't exist
in SYSTEMPATH\Database\MySQLi\Connection.php on line 310.
 1 SYSTEMPATH\Database\BaseConnection.php(908): CodeIgniter\Database\MySQLi\Connection->execute('SELECT *
FROM `deptosregiones`')
 2 SYSTEMPATH\Database\BaseConnection.php(825): CodeIgniter\Database\BaseConnection->simpleQuery('SELECT *
FROM `deptosregiones`')
 3 SYSTEMPATH\Database\BaseBuilder.php(1659): CodeIgniter\Database\BaseConnection->query('SELECT *
FROM `deptosregiones`', [], false)
 4 SYSTEMPATH\Model.php(255): CodeIgniter\Database\BaseBuilder->get()
 5 SYSTEMPATH\BaseModel.php(676): CodeIgniter\Model->doFindAll(0, 0)
 6 APPPATH\Controllers\VwDeptosRegionesController.php(11): CodeIgniter\BaseModel->findAll()
 7 SYSTEMPATH\CodeIgniter.php(974): App\Controllers\VwDeptosRegionesController->index()
 8 SYSTEMPATH\CodeIgniter.php(520): CodeIgniter\CodeIgniter->runController(Object(App\Controllers\VwDeptosRegionesController))
 9 SYSTEMPATH\CodeIgniter.php(363): CodeIgniter\CodeIgniter->handleRequest(null, Object(Config\Cache), false)
10 SYSTEMPATH\Boot.php(417): CodeIgniter\CodeIgniter->run()
11 SYSTEMPATH\Boot.php(68): CodeIgniter\Boot::runCodeIgniter(Object(CodeIgniter\CodeIgniter))
12 FCPATH\index.php(59): CodeIgniter\Boot::bootWeb(Object(Config\Paths))
CRITICAL - 2026-10-04 18:16:57 --> [Caused by] mysqli_sql_exception: Table 'bd_ciudadanos.deptosregiones' doesn't exist
in SYSTEMPATH\Database\MySQLi\Connection.php on line 300.
 1 SYSTEMPATH\Database\MySQLi\Connection.php(300): mysqli->query('SELECT *
FROM `deptosregiones`', 0)
 2 SYSTEMPATH\Database\BaseConnection.php(908): CodeIgniter\Database\MySQLi\Connection->execute('SELECT *
FROM `deptosregiones`')
 3 SYSTEMPATH\Database\BaseConnection.php(825): CodeIgniter\Database\BaseConnection->simpleQuery('SELECT *
FROM `deptosregiones`')
 4 SYSTEMPATH\Database\BaseBuilder.php(1659): CodeIgniter\Database\BaseConnection->query('SELECT *
FROM `deptosregiones`', [], false)
 5 SYSTEMPATH\Model.php(255): CodeIgniter\Database\BaseBuilder->get()
 6 SYSTEMPATH\BaseModel.php(676): CodeIgniter\Model->doFindAll(0, 0)
 7 APPPATH\Controllers\VwDeptosRegionesController.php(11): CodeIgniter\BaseModel->findAll()
 8 SYSTEMPATH\CodeIgniter.php(974): App\Controllers\VwDeptosRegionesController->index()
 9 SYSTEMPATH\CodeIgniter.php(520): CodeIgniter\CodeIgniter->runController(Object(App\Controllers\VwDeptosRegionesController))
10 SYSTEMPATH\CodeIgniter.php(363): CodeIgniter\CodeIgniter->handleRequest(null, Object(Config\Cache), false)
11 SYSTEMPATH\Boot.php(417): CodeIgniter\CodeIgniter->run()
12 SYSTEMPATH\Boot.php(68): CodeIgniter\Boot::runCodeIgniter(Object(CodeIgniter\CodeIgniter))
13 FCPATH\index.php(59): CodeIgniter\Boot::bootWeb(Object(Config\Paths))
CRITICAL - 2026-10-04 18:18:17 --> CodeIgniter\View\Exceptions\ViewException: Invalid file: "vwdeptosregiones.php"
[Method: GET, Route: vwdeptosregiones]
in SYSTEMPATH\Exceptions\FrameworkException.php on line 39.
 1 SYSTEMPATH\View\View.php(228): CodeIgniter\Exceptions\FrameworkException::forInvalidFile('vwdeptosregiones.php')
 2 SYSTEMPATH\Common.php(1268): CodeIgniter\View\View->render('vwdeptosregiones', [], true)
 3 APPPATH\Controllers\VwDeptosRegionesController.php(12): view('vwdeptosregiones', [...])
 4 SYSTEMPATH\CodeIgniter.php(974): App\Controllers\VwDeptosRegionesController->index()
 5 SYSTEMPATH\CodeIgniter.php(520): CodeIgniter\CodeIgniter->runController(Object(App\Controllers\VwDeptosRegionesController))
 6 SYSTEMPATH\CodeIgniter.php(363): CodeIgniter\CodeIgniter->handleRequest(null, Object(Config\Cache), false)
 7 SYSTEMPATH\Boot.php(417): CodeIgniter\CodeIgniter->run()
 8 SYSTEMPATH\Boot.php(68): CodeIgniter\Boot::runCodeIgniter(Object(CodeIgniter\CodeIgniter))
 9 FCPATH\index.php(59): CodeIgniter\Boot::bootWeb(Object(Config\Paths))
CRITICAL - 2026-10-04 18:20:43 --> CodeIgniter\View\Exceptions\ViewException: Invalid file: "form_modificar_depto.php"
[Method: GET, Route: buscar_vwdeptosregiones/1]
in SYSTEMPATH\Exceptions\FrameworkException.php on line 39.
 1 SYSTEMPATH\View\View.php(228): CodeIgniter\Exceptions\FrameworkException::forInvalidFile('form_modificar_depto.php')
 2 SYSTEMPATH\Common.php(1268): CodeIgniter\View\View->render('form_modificar_depto', [], true)
 3 APPPATH\Controllers\VwDeptosRegionesController.php(43): view('form_modificar_depto', [...])
 4 SYSTEMPATH\CodeIgniter.php(974): App\Controllers\VwDeptosRegionesController->buscar('1')
 5 SYSTEMPATH\CodeIgniter.php(520): CodeIgniter\CodeIgniter->runController(Object(App\Controllers\VwDeptosRegionesController))
 6 SYSTEMPATH\CodeIgniter.php(363): CodeIgniter\CodeIgniter->handleRequest(null, Object(Config\Cache), false)
 7 SYSTEMPATH\Boot.php(417): CodeIgniter\CodeIgniter->run()
 8 SYSTEMPATH\Boot.php(68): CodeIgniter\Boot::runCodeIgniter(Object(CodeIgniter\CodeIgniter))
 9 FCPATH\index.php(59): CodeIgniter\Boot::bootWeb(Object(Config\Paths))
ERROR - 2026-10-04 18:22:28 --> Can not modify more than one base table through a join view 'bd_ciudadanos.vw_deptos_regiones'
in SYSTEMPATH\Database\MySQLi\Connection.php on line 300.
 1 SYSTEMPATH\Database\MySQLi\Connection.php(300): mysqli->query('UPDATE `vw_deptos_regiones` SET `nombre_depto` = \'Guatemala\', `cod_region` = \'2\', `nombre` = NULL
WHERE `vw_deptos_regiones`.`cod_depto` IN (\'1\')', 0)
 2 SYSTEMPATH\Database\BaseConnection.php(908): CodeIgniter\Database\MySQLi\Connection->execute('UPDATE `vw_deptos_regiones` SET `nombre_depto` = \'Guatemala\', `cod_region` = \'2\', `nombre` = NULL
WHERE `vw_deptos_regiones`.`cod_depto` IN (\'1\')')
 3 SYSTEMPATH\Database\BaseConnection.php(825): CodeIgniter\Database\BaseConnection->simpleQuery('UPDATE `vw_deptos_regiones` SET `nombre_depto` = \'Guatemala\', `cod_region` = \'2\', `nombre` = NULL
WHERE `vw_deptos_regiones`.`cod_depto` IN (\'1\')')
 4 SYSTEMPATH\Database\BaseBuilder.php(2531): CodeIgniter\Database\BaseConnection->query('UPDATE `vw_deptos_regiones` SET `nombre_depto` = :nombre_depto:, `cod_region` = :cod_region:, `nombre` = :nombre:
WHERE `vw_deptos_regiones`.`cod_depto` IN :vw_deptos_regiones.cod_depto:', [...], false)
 5 SYSTEMPATH\Model.php(408): CodeIgniter\Database\BaseBuilder->update()
 6 SYSTEMPATH\BaseModel.php(1074): CodeIgniter\Model->doUpdate([...], [...])
 7 SYSTEMPATH\Model.php(711): CodeIgniter\BaseModel->update([...], [...])
 8 APPPATH\Controllers\VwDeptosRegionesController.php(56): CodeIgniter\Model->update('1', [...])
 9 SYSTEMPATH\CodeIgniter.php(974): App\Controllers\VwDeptosRegionesController->modificar()
10 SYSTEMPATH\CodeIgniter.php(520): CodeIgniter\CodeIgniter->runController(Object(App\Controllers\VwDeptosRegionesController))
11 SYSTEMPATH\CodeIgniter.php(363): CodeIgniter\CodeIgniter->handleRequest(null, Object(Config\Cache), false)
12 SYSTEMPATH\Boot.php(417): CodeIgniter\CodeIgniter->run()
13 SYSTEMPATH\Boot.php(68): CodeIgniter\Boot::runCodeIgniter(Object(CodeIgniter\CodeIgniter))
14 FCPATH\index.php(59): CodeIgniter\Boot::bootWeb(Object(Config\Paths))
CRITICAL - 2026-10-04 18:22:28 --> CodeIgniter\Database\Exceptions\DatabaseException: Can not modify more than one base table through a join view 'bd_ciudadanos.vw_deptos_regiones'
[Method: POST, Route: modificar_vwdeptosregiones]
in SYSTEMPATH\Database\BaseConnection.php on line 863.
 1 SYSTEMPATH\Database\BaseBuilder.php(2531): CodeIgniter\Database\BaseConnection->query('UPDATE `vw_deptos_regiones` SET `nombre_depto` = :nombre_depto:, `cod_region` = :cod_region:, `nombre` = :nombre:
WHERE `vw_deptos_regiones`.`cod_depto` IN :vw_deptos_regiones.cod_depto:', [...], false)
 2 SYSTEMPATH\Model.php(408): CodeIgniter\Database\BaseBuilder->update()
 3 SYSTEMPATH\BaseModel.php(1074): CodeIgniter\Model->doUpdate([...], [...])
 4 SYSTEMPATH\Model.php(711): CodeIgniter\BaseModel->update([...], [...])
 5 APPPATH\Controllers\VwDeptosRegionesController.php(56): CodeIgniter\Model->update('1', [...])
 6 SYSTEMPATH\CodeIgniter.php(974): App\Controllers\VwDeptosRegionesController->modificar()
 7 SYSTEMPATH\CodeIgniter.php(520): CodeIgniter\CodeIgniter->runController(Object(App\Controllers\VwDeptosRegionesController))
 8 SYSTEMPATH\CodeIgniter.php(363): CodeIgniter\CodeIgniter->handleRequest(null, Object(Config\Cache), false)
 9 SYSTEMPATH\Boot.php(417): CodeIgniter\CodeIgniter->run()
10 SYSTEMPATH\Boot.php(68): CodeIgniter\Boot::runCodeIgniter(Object(CodeIgniter\CodeIgniter))
11 FCPATH\index.php(59): CodeIgniter\Boot::bootWeb(Object(Config\Paths))
CRITICAL - 2026-10-04 18:22:28 --> [Caused by] CodeIgniter\Database\Exceptions\DatabaseException: Can not modify more than one base table through a join view 'bd_ciudadanos.vw_deptos_regiones'
in SYSTEMPATH\Database\MySQLi\Connection.php on line 310.
 1 SYSTEMPATH\Database\BaseConnection.php(908): CodeIgniter\Database\MySQLi\Connection->execute('UPDATE `vw_deptos_regiones` SET `nombre_depto` = \'Guatemala\', `cod_region` = \'2\', `nombre` = NULL
WHERE `vw_deptos_regiones`.`cod_depto` IN (\'1\')')
 2 SYSTEMPATH\Database\BaseConnection.php(825): CodeIgniter\Database\BaseConnection->simpleQuery('UPDATE `vw_deptos_regiones` SET `nombre_depto` = \'Guatemala\', `cod_region` = \'2\', `nombre` = NULL
WHERE `vw_deptos_regiones`.`cod_depto` IN (\'1\')')
 3 SYSTEMPATH\Database\BaseBuilder.php(2531): CodeIgniter\Database\BaseConnection->query('UPDATE `vw_deptos_regiones` SET `nombre_depto` = :nombre_depto:, `cod_region` = :cod_region:, `nombre` = :nombre:
WHERE `vw_deptos_regiones`.`cod_depto` IN :vw_deptos_regiones.cod_depto:', [...], false)
 4 SYSTEMPATH\Model.php(408): CodeIgniter\Database\BaseBuilder->update()
 5 SYSTEMPATH\BaseModel.php(1074): CodeIgniter\Model->doUpdate([...], [...])
 6 SYSTEMPATH\Model.php(711): CodeIgniter\BaseModel->update([...], [...])
 7 APPPATH\Controllers\VwDeptosRegionesController.php(56): CodeIgniter\Model->update('1', [...])
 8 SYSTEMPATH\CodeIgniter.php(974): App\Controllers\VwDeptosRegionesController->modificar()
 9 SYSTEMPATH\CodeIgniter.php(520): CodeIgniter\CodeIgniter->runController(Object(App\Controllers\VwDeptosRegionesController))
10 SYSTEMPATH\CodeIgniter.php(363): CodeIgniter\CodeIgniter->handleRequest(null, Object(Config\Cache), false)
11 SYSTEMPATH\Boot.php(417): CodeIgniter\CodeIgniter->run()
12 SYSTEMPATH\Boot.php(68): CodeIgniter\Boot::runCodeIgniter(Object(CodeIgniter\CodeIgniter))
13 FCPATH\index.php(59): CodeIgniter\Boot::bootWeb(Object(Config\Paths))
CRITICAL - 2026-10-04 18:22:28 --> [Caused by] mysqli_sql_exception: Can not modify more than one base table through a join view 'bd_ciudadanos.vw_deptos_regiones'
in SYSTEMPATH\Database\MySQLi\Connection.php on line 300.
 1 SYSTEMPATH\Database\MySQLi\Connection.php(300): mysqli->query('UPDATE `vw_deptos_regiones` SET `nombre_depto` = \'Guatemala\', `cod_region` = \'2\', `nombre` = NULL
WHERE `vw_deptos_regiones`.`cod_depto` IN (\'1\')', 0)
 2 SYSTEMPATH\Database\BaseConnection.php(908): CodeIgniter\Database\MySQLi\Connection->execute('UPDATE `vw_deptos_regiones` SET `nombre_depto` = \'Guatemala\', `cod_region` = \'2\', `nombre` = NULL
WHERE `vw_deptos_regiones`.`cod_depto` IN (\'1\')')
 3 SYSTEMPATH\Database\BaseConnection.php(825): CodeIgniter\Database\BaseConnection->simpleQuery('UPDATE `vw_deptos_regiones` SET `nombre_depto` = \'Guatemala\', `cod_region` = \'2\', `nombre` = NULL
WHERE `vw_deptos_regiones`.`cod_depto` IN (\'1\')')
 4 SYSTEMPATH\Database\BaseBuilder.php(2531): CodeIgniter\Database\BaseConnection->query('UPDATE `vw_deptos_regiones` SET `nombre_depto` = :nombre_depto:, `cod_region` = :cod_region:, `nombre` = :nombre:
WHERE `vw_deptos_regiones`.`cod_depto` IN :vw_deptos_regiones.cod_depto:', [...], false)
 5 SYSTEMPATH\Model.php(408): CodeIgniter\Database\BaseBuilder->update()
 6 SYSTEMPATH\BaseModel.php(1074): CodeIgniter\Model->doUpdate([...], [...])
 7 SYSTEMPATH\Model.php(711): CodeIgniter\BaseModel->update([...], [...])
 8 APPPATH\Controllers\VwDeptosRegionesController.php(56): CodeIgniter\Model->update('1', [...])
 9 SYSTEMPATH\CodeIgniter.php(974): App\Controllers\VwDeptosRegionesController->modificar()
10 SYSTEMPATH\CodeIgniter.php(520): CodeIgniter\CodeIgniter->runController(Object(App\Controllers\VwDeptosRegionesController))
11 SYSTEMPATH\CodeIgniter.php(363): CodeIgniter\CodeIgniter->handleRequest(null, Object(Config\Cache), false)
12 SYSTEMPATH\Boot.php(417): CodeIgniter\CodeIgniter->run()
13 SYSTEMPATH\Boot.php(68): CodeIgniter\Boot::runCodeIgniter(Object(CodeIgniter\CodeIgniter))
14 FCPATH\index.php(59): CodeIgniter\Boot::bootWeb(Object(Config\Paths))
